:020000040800F2
:1000000080450020CD410008C5C00008B941000866
:10001000B9410008B9410008B9410008B9410008D8
:100020000000000000000000000000000142000885
:10003000B941000800000000C94300081D7C000809
:10004000414400084144000841440008414400087C
:10005000414400084144000841440008414400086C
:10006000414400084144000841440008414400085C
:10007000414400084144000841440008414400084C
:10008000414400084144000841440008414400083C
:10009000414400084144000841440008414400082C
:1000A000414400084144000841440008414400081C
:1000B000414400084144000841440008414400080C
:1000C00041440008414400084144000841440008FC
:1000D00041440008414400084144000841440008EC
:1000E00041440008414400084144000841440008DC
:1000F00041440008414400084144000841440008CC
:1001000041440008414400084144000841440008BB
:1001100041440008414400084144000841440008AB
:10012000414400084144000841440008414400089B
:10013000414400084144000841440008414400088B
:10014000414400084144000841440008414400087B
:10015000414400084144000841440008414400086B
:10016000414400084144000841440008414400085B
:10017000414400084144000841440008414400084B
:10018000414400084144000841440008414400083B
:10019000414400084144000841440008414400082B
:1001A000414400084144000841440008414400081B
:1001B000414400084144000841440008414400080B
:1001C00041440008414400084144000841440008FB
:1001D00041440008414400084144000841440008EB
:1001E00041440008414400084144000841440008DB
:1001F00041440008414400084144000841440008CB
:1002000041440008414400084144000841440008BA
:1002100041440008414400084144000841440008AA
:10022000414400084144000841440008414400089A
:10023000414400084144000841440008414400088A
:04024000414400082D
:1002440053B94AB9002908BF00281CBF4FF0FF3139
:100254004FF0FF3000F00CB8ADF1080C6DE904CE9E
:1002640000F010F8DDF804E0DDE9022304B0704783
:10027400704700BF034613F8012B002AFBD1181A5C
:10028400013870472DE9F0478C468E46089E154686
:1002940004461946002B40F0D080724547D9B2FA83
:1002A40082F74FB1C7F120030EFA07FCBD40BC40F2
:1002B40020FA03F343EA0C0C4FEA154EA8B2230CC0
:1002C400BCFBFEF80EFB18CC08FB00F943EA0C4318
:1002D400994528D9EB1808F1FF3204D2994502D97F
:1002E400A8F102022B44A3EB0903A4B2B3FBFEFC66
:1002F4000EFB1C330CFB00F044EA0344A04214D967
:100304002C190CF1FF3304D2A04202D9ACF1020340
:100314002C44241A43EA02401EB1FC4000233460FA
:100324007360BDE8F0874246DDE76346F1E7002AE3
:1003340079D0B2FA82F3002B3FD01946C1F12003E1
:1003440002FA01F500FA01F42EFA03F20EFA01FEA4
:1003540020FA03F3AFB243EA0E034FEA154EB2FBA1
:10036400FEFC0EFB1C201A0C0CFB07F842EA0042B0
:1003740090455AD9AA180CF1FF3004D2904502D9FD
:10038400ACF102002A44A2EB08029BB2B2FBFEFCD1
:100394000EFB1C220CFB07F743EA02439F4246D99B
:1003A400EB180CF1FF3204D29F4202D9ACF10202E5
:1003B4002B44DB1B42EA004202E0AEEB02030122C3
:1003C4004FEA154EAFB2200CB3FBFEFC0EFB1C3300
:1003D4000CFB07F840EA034398452AD9EB180CF1C3
:1003E400FF3004D2984502D9ACF102002B44A3EBB0
:1003F4000803A4B2B3FBFEFC0EFB1C330CFB07F793
:1004040044EA0344A74216D92C190CF1FF3304D251
:10041400A74202D9ACF102032C44E41B43EA004096
:100424000F46114678E71F2188E76046ABE762462E
:10043400BFE76046DBE76346EFE7734506D916B9C5
:10044400002108466DE7C6E9000EF9E7B3FA83F721
:1004540087B9734501D3824207D8841A6EEB03032C
:1004640001209C461EB900215BE73846FAE7C6E93D
:10047400004CF8E7C7F1200CBB4000FA07F422FA5D
:100484000CF520FA0CF1BA401D432EFA0CF30EFAC7
:1004940007FE4FEA154941EA0E011FFA85FEB3FB38
:1004A400F9F809FB18300B0C08FB0EFA43EA004379
:1004B4009A4540D9EB1808F1FF3004D29A4502D985
:1004C400A8F102002B44A3EB0A0389B2B3FBF9F8A9
:1004D40009FB183308FB0EFE41EA03418E452CD973
:1004E400691808F1FF3304D28E4502D9A8F102033A
:1004F400294443EA0040A1EB0E01A0FB02984145C8
:10050400CE46434602D306D14C4504D20138B9EB5A
:10051400020E68EB0503002EA5D0B4EB0E0261EBCE
:10052400030101FA0CFC22FA07F3F9404CEA030335
:10053400C6E9003197E74046C5E74346D9E70000DE
:100544001FB503211A4A1B480BF001FD1A4B01ACDD
:1005540093E8070084E8070018480CF020FC48B929
:100564000121174A13480BF0F2FC4FF0FF342046E8
:1005740004B010BD134801F09DF8204600F0B4FB10
:10058400044630B1012103460F4A0A480BF0E8FC47
:10059400EDE700F06FF800F0ADF800F0E9FA00F0D4
:1005A4000FFC002142F2107009F0ACFEF9E700BF25
:1005B40000DC000848D80008B0D8000898D2000829
:1005C40024DC00088FB7000839DC000808B50321D3
:1005D400044A05480BF0BBFC002142F2107009F0FC
:1005E40091FEF9E758DC000818D8000808B5064A57
:1005F400022106480BF0ABFC022106200BF08CF91B
:100604006FF01B0008BD00BF72DC000818D800089A
:1006140008B501460022002304480CF0D3FB18B1AE
:10062400FFF7E4FF6FF01B0008BD00BF940100203A
:1006340000B593B003210B4A0B480BF088FC4FF034
:10064400FF324FF0FF336946084807F0E3FF002804
:10065400F5D19DF807300321054A03480BF080FCCF
:10066400EDE700BF9ADC000818D8000894010020C8
:10067400B4DC0008F0B5164989B0022001F036F860
:1006840000260027002405254FF48062CDE9066783
:10069400CDE90354CDE901440E4B0F4900940F48B2
:1006A40008F0EAFE4FF48062CDE90667CDE9035411
:1006B400CDE901440A4B0B4900940B4808F0DCFED9
:1006C40003210A4A0A480BF042FC204609B0F0BD57
:1006D400150600083506000840180020D001002047
:1006E400D1050008401C002050020020F7DC00085F
:1006F40018D8000808B50321024A03480BF027FC68
:10070400002008BD2ADD000820D8000810B560B913
:100714001148B823114A12490BF07BF911480BF028
:1007240078F9B8210D480BF06BF983680E4A9342AF
:1007340006D20E4A934203D3BDE810405B681847C3
:10074400B823064A0A4904480BF063F909490A48E0
:100754000BF05FF9E5E700BFB5DD000863DD0008D5
:10076400A2DD0008D2DD0008B8D700086CD7000865
:10077400E3DD0008D5F2000820DF000845F2AA53A3
:10078400F0B585B08DF807008DF806208DF80E20A1
:100794008DF80F0001220E464FF6FF700DF1060191
:1007A400ADF80C300BF0E3FC01220DF107010BF066
:1007B400DEFC9DF8062004461AB131460BF0D7FC46
:1007C4000446002503AF17F8011B0E480135FFF757
:1007D4009DFF042DF7D100259DF80630AB420ADCBD
:1007E400E1B20848FFF792FF0648C4F30721FFF778
:1007F4008DFF05B0F0BD715D0248FFF787FF01353D
:10080400EAE700BF60D2000873B5044670B9324805
:100814004FF4DE73314A32490BF0FBF831480BF0E8
:10082400F8F84FF4DE712D480BF0EAF883682E4D8A
:10083400AB4220D22D4EB3421DD35B6C3BBBA368AD
:10084400AB4226D2B34224D35B6B83BBA368AB42D7
:1008540033D2B34231D39B696BB3012220460DF1ED
:10086400070198470128024625D10DF107012048C8
:1008740002F0AEF8EAE74FF4DE73184A1D49164851
:100884000BF0C7F81C491D480BF0C3F8C9E798479B
:10089400D5E74FF4C273114A16490F480BF0B9F863
:1008A400154916480BF0B5F84FF4C271BBE7204662
:1008B40098470028CAD102B070BD40F20D13074A10
:1008C4000C4905480BF0A5F80B490C480BF0A1F8AE
:1008D40040F20D11A7E700BFB5DD000863DD000895
:1008E400A2DD0008D2DD0008B8D700086CD70008E4
:1008F40000000020E3DD0008D5F2000820DF000836
:1009040070B570B91F4840F2EA331F4A1F490BF013
:1009140080F81F480BF07DF840F2EA311A480BF0DA
:100924006FF884681B4A944216D21B4A944213D32C
:10093400012243688A401B6806691A4218D1174984
:100944004FF48263104A0F480BF063F814480BF01D
:1009540060F84FF48261E1E740F2EA330A4A114950
:1009640008480BF056F8104910480BF052F8D3E73A
:10097400336823EA0203336023684FF4C022BDE8DE
:1009840070401847B5DD000837DF000868DF00084D
:10099400D2DD000840D700081CD70008C0E00008DA
:1009A400FEE000087CDF0008BBE0000820DF000850
:1009B40070B59EB00024254626460321474A484880
:1009C4000BF0C5FA8DF80D408DF80E400122454814
:1009D4000DF10F0102F02EF8012874D1721E9DF85A
:1009E4000F30052A06D8DFE802F00309101825287D
:1009F400552B6DD0AA3B5E425E41E7E7642B8CBF6A
:100A0400002603268DF80D30E0E79DF80D508DF893
:100A14000E30002D5ED10526D8E705F178016A1C59
:100A24000DEB010505F8643C9DF80D301546934225
:100A3400F1DDCBE71C460626C8E701220DF10D01C6
:100A44004FF6FF7044EA03240BF091FB01220DF1F1
:100A54000E010BF08CFB9DF80D2003461AB105A97D
:100A64000BF085FB0346A34226D19DF80E30012BE3
:100A74000CD1022204A91046ADF81040FFF77EFE07
:100A840003212346184A16480BF06AFA9DF80E30E3
:100A9400022B03D09DF80D30452B01D0002695E79D
:100AA4009DF81B300321114A0D480BF059FA04211B
:100AB40005A80AF0A0FEF1E702210D4A08480094B7
:100AC4000BF058FAEAE700210A2009F01BFC7DE745
:100AD40002267BE70025042678E700BF10E1000822
:100AE40090D800080000002045E1000877E10008E4
:100AF400B8E1000808B5064A022106480BF027FAB7
:100B0400022106200AF008FF6FF01B0008BD00BF99
:100B1400EAE1000890D8000808B501460022002345
:100B240004480CF04FF918B1FFF7E4FF6FF01B0015
:100B340008BD00BF3C01002000B593B00321094A61
:100B440009480BF004FA4FF0FF324FF0FF336946C7
:100B5400064807F05FFD0028F5D145226946FFF7F6
:100B64000DFEF0E70FE2000890D800083C010020D9
:100B7400F0B589B045480CF012F940B94448012158
:100B8400444A0BF0E4F96FF0120009B0F0BD42489A
:100B94000CF005F918B30E213F48FFF7B1FE3F48AA
:100BA4000CF0FDF808B30D213C48FFF7A9FE374CC3
:100BB4003B4EA368B34202D23A4DAB421BD24FF430
:100BC400E473394A39493A480AF023FF39493A4823
:100BD4000AF01FFF4FF4E47133480AF011FF0221B9
:100BE400364A2B480BF0B3F9D9E70221344A284896
:100BF4000BF0ADF9DBE79B6C1BB1002220463149B9
:100C04009847A368B3422FD2AB422DD39B6A002BE3
:100C140038D12D49042000F069FD00260027002466
:100C240005254FF48062CDE90667CDE90354CDE98B
:100C34000144264B26490094264808F01DFC4FF435
:100C44008062CDE90667CDE90354CDE90144224B26
:100C540022490094224808F00FFC0D480321214A40
:100C64000BF075F9204690E740F25B130E4A0F49EA
:100C74000F480AF0CEFE0F490F480AF0CAFE40F2B0
:100C84005B11A9E701489847C3E700BF60D2000899
:100C940090D8000833E2000880D10008B8D10008D9
:100CA400B8D700086CD7000863DD0008E3DD00084E
:100CB400B5DD0008D5F2000820DF00084FE2000887
:100CC40066E200080D0800081D0B00083D0B000833
:100CD40040200020D0020020B50900084024002054
:100CE400500300207DE20008F8B52A4E3478002C29
:100CF4004DD148B103785A1ED2B2FD2A08D9012138
:100D0400254A26480BF02CF96FF015042046F8BD4F
:100D1400012707C8224D85E80700224A147582F886
:100D2400204082F82C40137017720432D2E8EF3F4F
:100D3400C2E8E14F0029F9D100F076FD044628B15C
:100D4400194A012115480BF002F9DFE700F030FBE6
:100D5400044608B1154AF4E72B7A4BB100F0B0FC15
:100D6400044608B1124AECE73846124900F0BEFCCA
:100D740000F030F9044608B10F4AE2E7012333706A
:100D84002B7803210D4A05480BF0EAF8BEE76FF013
:100D94007704BBE735180020A7E20008E0D7000875
:100DA400D0120020A0120020C5E20008E2E20008F0
:100DB400FCE20008B7B7000812E3000833E30008B8
:100DC40038B50E4B1B7893B10D4D2B7893B900F0C9
:100DD40073F9044630B101210A4A0B480BF0B7F805
:100DE400204638BD01232B700321084AF5E74FF054
:100DF400FF34F5E76FF07704F2E700BF3518002001
:100E0400341800205BE30008E0D7000876E300080C
:100E140000487047D0120020431EDBB2FD2B02466F
:100E24000BD80020064B197A11B11978914206D0DB
:100E34000130042803F10C03F5D14FF0FF30704763
:100E4400A0120020002330B504461846064A814209
:100E540009DD157A15B11578255401300133042BB9
:100E640002F10C02F3D130BDA012002000220D4B80
:100E7400197A79B1197881420CD10C210A4B01FB02
:100E84000233D3E8EF0F421CC3E8E12F0029F8D165
:100E9400C0B270470132042A03F10C03E8D10020E8
:100EA400704700BFA0120020A412002010B570B932
:100EB400124840F28553124A12490AF0AAFD124818
:100EC4000AF0A7FD40F285510D480AF099FD8368A8
:100ED4000E4A934206D20E4A934203D3BDE8104011
:100EE400DB69184740F28553054A0A4903480AF06A
:100EF40090FD094909480AF08CFDE3E7B5DD0008D7
:100F040092E30008A2DD0008D2DD00081CD7000827
:100F1400C0D60008C2E30008E805010820DF000885
:100F2400482210B5A4B000210DEB02000CF01CF80F
:100F34000321194A19480BF00AF8194C0023D4E884
:100F4400EF2F012A03D1C4E8E13F0029F7D103D1EF
:100F5400032105200AF0E0FC4FF0FF324FF0FF338D
:100F6400104812A907F056FB0028E7D1694612A8D9
:100F740000F00EFB034648B102210B4A07480AF071
:100F8400EFFF022107200AF0C7FCD7E701216846DA
:100F940000F01AFAD2E700BFF8E4000808D8000805
:100FA400F0120020680100200FE5000808B50022B7
:100FB400002306480BF006FF38B10122044BD3E8A6
:100FC400EF1FC3E8E02F0028F9D108BD6801002015
:100FD400F012002010B5FFF71BFF044688B14068EB
:100FE40078B14FF0FF32264BC3E90022C3E9022255
:100FF4001A610BF0D4FE40B90121224A22480AF0BA
:10100400A6FF6FF01204204610BD606870B91F4837
:1010140040F2C3431E4A1F490AF0FBFC1E480AF073
:10102400F8FC40F2C3411A480AF0EAFC83681B4A00
:10103400934212D21A4A93420FD30421DB68984791
:1010440004460028DFD010F1860F12D00121034698
:10105400144A0D480AF084FFD5E740F2C3430C4A12
:1010640011490A480AF0D5FC104911480AF0D1FC8C
:10107400D7E701210F4A04480AF069FFC3E700BF1C
:10108400DC12002024DC000808D80008B5DD0008C4
:1010940092E30008A2DD0008D2DD00081CD7000896
:1010A400C0D600082AE50008C2E30008E8050108E4
:1010B40020DF000848E500082DE9F04F8FB0FFF766
:1010C400A7FE047A0546624E0DF12C0AC4B1002233
:1010D4000124CDE90B228DF8344053465D49406824
:1010E40004F084F90028034630606CDA5A4A214639
:1010F4005A480AF035FF346820460FB0BDE8F08F37
:101104000DF1280904214846FFF79CFE3746B046F6
:101114004FF0010B0990099BA34222DC504A53462D
:1011240007CA8AE8070000224A49686804F05EF9A1
:101134000028034646F8240045DA0121494A474875
:101144000AF00EFF4FF000084FF0FF39A0452CD0F5
:1011540068683968FFF7AAFE08F1010847F8049B9C
:10116400F4E74FF47F4319F804200C9312020B9216
:101174008DF834B0534600223649686804F036F9D5
:10118400002848F8040B1CDA04F138036B4413F804
:10119400103C01210090344A30480AF0EBFE4FF035
:1011A40000084FF0FF39A04502D156F82840A3E7C4
:1011B40068683968FFF77AFE08F1010847F8049B6C
:1011C400F1E70134A7E7686870B9284840F29B4307
:1011D400274A28490AF01DFC27480AF01AFC40F265
:1011E4009B4123480AF00CFC8368244A934219D299
:1011F400234A934216D35B6898470446F0B9002209
:1012040000230024CDE9062305234FF48062CDE9B1
:101214000334CDE901441B4B1B4900941B4808F0DF
:101224002BF969E740F29B43114A19490F480AF028
:10123400F0FB184918480AF0ECFBD0E710F1780FDE
:10124400DDD001210346154A04480AF089FE53E71C
:10125400DC120020B10F00086FE5000808D8000870
:10126400BCD80008C4E5000892E50008B5DD000814
:1012740092E30008A2DD0008D2DD00081CD70008B4
:10128400C0D60008250F000840280020D003002005
:10129400C2E30008E805010820DF0008EAE50008C9
:1012A4002DE9F047A6B00646DDE930A40F46914685
:1012B4009846FFF7ADFD0546002866D04368002B2D
:1012C40063D030460AF06EFA002861D03C2C62D814
:1012D40014B1BAF1000F61D03F2200210DF10E00CC
:1012E4000BF042FE9DF8B83030468DF80A301123D9
:1012F4008DF808908DF80D308DF809808DF80B70FD
:101304008DF80C60FFF7B2FD9DF8BC308DF80E002F
:101314008DF80F308DF84C4024B12246514604A874
:101324000BF015FE297A41B1002102A800F04CF817
:101334000024204626B0BDE8F087482214A80BF00C
:1013440013FE14A902A800F0C1F8044630B101212B
:101354000346144A14480AF003FEEAE768684FF4A7
:101364007A72CDE90044002314A903F099FF0446DE
:101374000028DED0012103460C4A0B480AF0F0FD98
:10138400022106200AF0C8FAD3E76FF01204D0E76E
:101394004FF0FF34CDE76FF07904CAE76FF015041E
:1013A400C7E700BF11E6000810D800082CE60008C3
:1013B40008B54FF40072002102480BF0D5FD00205F
:1013C40008BD00BFF4120020F7B504460E46FFF72F
:1013D4001FFD0746E0780AF0E5F9002844D1E578D6
:1013E400A5F1FF035D425D413B7A53B1E0780AF019
:1013F400D9F910B1E378FF2B03D13146204600F030
:1014040081F9002D2ED06178A57807293AD125B924
:10141400E379082B2AD0092B2ED0294B0022184619
:101424001E78002E46D0E6785F78B74201D0FF2EB2
:1014340040D19E788E423DD1DE78AE423AD11F79BA
:10144400E679B74236D100EB0213D3E902212046F4
:101454009047034630B1E2790221009219481A4AB2
:101464000AF088FD03B0F0BD0125BDE7204603B0B6
:10147400BDE8F04000F0D4B8204603B0BDE8F04029
:1014840000F008B9062DC8D1042908D1E379022B4C
:10149400C3D1204603B0BDE8F04000F089BA012969
:1014A400BBD1E379032BB8D1204603B0BDE8F040AB
:1014B40000F0B0BA0132202A03F11003B0D1D1E711
:1014C400F4120020E8D7000848E600082DE9F341AB
:1014D4000F46064628B96FF01508404602B0BDE82D
:1014E400F0810029F7D090F844303C2B4AD8019180
:1014F40003790093C3788278417800780AF08EF9F2
:1015040080460028E7D10D237B7196F844400434CB
:10151400E4B2082C2AD90C2C2AD9102C2AD9142C40
:101524002AD9182C2AD9202C2AD9302C8CBF0F2543
:101534000E253D7173793B72B3797B72F379BB727B
:1015440096F84420FA722AB106F1080107F10C005A
:101554000BF0FDFC0D4B5A5D9442BED204F1080021
:101564000021121B38440BF0FFFCB6E72546E0E7E8
:101574000925DEE70A25DCE70B25DAE70C25D8E7A1
:101584000D25D6E76FF07908A7E700BF3A190108DF
:10159400F8B50D46044618B96FF015063046F8BD87
:1015A4000029F9D0437903F00503052B02D06FF02D
:1015B4004606F3E70379194A0F2B28BF0F23D75C9C
:1015C400032F02D86FF07906E8E700680AF03FF9C4
:1015D40006460028E0D10B79002BE8D0CB78002B0D
:1015E400E5D0237A4B71627A8A71A27ACA71E27A5F
:1015F4003C2A81F84420E5D8D11CB942E2DA112B07
:1016040008D1002ACAD004F10C0105F108000BF03E
:101614009EFCC3E76FF07A06C0E700BF3A190108E1
:1016240030B5C3780446FF2B85B008D10379154A39
:101634000221154805B0BDE830400AF091BC90F88D
:101644004430042B01D0114AF2E700F10805284682
:101654000AF0E2F894F844300922CDE90253002359
:10166400CDE90032072305222179E078FFF718FE3F
:1016740030B1237901210090054A03480AF07AFC2D
:1016840005B030BD7EE60008F8D70008A1E60008E2
:10169400C1E6000890F84430042B04D00221034A28
:1016A40003480AF05DBC08300AF0B6B8E3E6000867
:1016B400F8D70008014B1860704700BFF4140020ED
:1016C40010B50024064BC3E90044C3E902441C617D
:1016D4000321044A04480AF03AFC204610BD00BF26
:1016E400F814002010E7000800D8000804289DBF63
:1016F400034B43F8201000206FF01500704700BF23
:10170400F8140020F7B50446C0780D46FF280ED122
:101714000126154FF3B2AB4204D057F826300BB173
:10172400204698470136052EF4D103B0F0BD0F4B87
:101734001B6863B19847FF280AD1FF2DF5D0E378E1
:10174400022100900A4A0B480AF014FCEDE701203C
:10175400A842EAD0044B53F82030002BEFD02046A7
:1017640003B0BDE8F0401847F8140020F41400203A
:1017740031E7000800D8000810B50446FFF74CFB19
:10178400031EA3BF4FF4E872534303480020A4BFD1
:10179400C454C01810BD00BF500400202DE9F0430C
:1017A40089B00446002504AF07F10409884601887E
:1017B40048461646C7E90155BD810AF020F86388FA
:1017C400A18807F10800FB800AF019F8A16807F165
:1017D4000A000AF018F80A230222CDE9029306232C
:1017E4003146CDE90032404605230322FFF758FD78
:1017F40088B16C468AB004AA094BC2E90760C2E901
:101804000538052342F8103F4FF422512B46054872
:1018140001F016FEA5461437BD46BDE8F08300BFAF
:1018240082E70008F0D70008F8B5002637460D4CCB
:1018340004F5C2700BF0D5FA20252346013D9F80A4
:1018440003F10C03FAD184F8987104F5D0700649B9
:10185400013607F08DFC042E04F5E874E8D128461F
:10186400F8BD00BF500400207FB800082DE9F04700
:10187400804616460D4600AF002964D0FFF77CFF72
:101884000446002862D000F5C2794FF0FF324FF0D1
:10189400FF33484609F0EDFF0BF03CFB0A2200231E
:1018A400FEF7CEFC4FF0FF3100224FF00C0E04F196
:1018B400040A0EFB02F33AF803C0AC4525D101211A
:1018C4004FF6FF7C2344D97119899E7161451CBF71
:1018D400013119810C2303FB0243D860484609F007
:1018E400CAFF6C468AB06A461A4BCDE90756CDE961
:1018F4000538052342F8103F174800234FF42251BE
:1019040001F09EFD0020A54610E0BCF1000F03D1BC
:10191400B1F1FF3F08BF11460132202AC9D14B1C47
:1019240007D1484609F0A7FF6FF01B00BD46BDE88C
:10193400F0870C2303FB01440123A580E371A67106
:101944002381E060CAE76FF01500EFE74FF0FF3046
:10195400ECE700BFBAE70008F0D7000870B5054609
:10196400FFF70AFF0446D8B100F5C2764FF0FF3204
:101974004FF0FF33304609F07CFF2246002104F586
:10198400C07391800C329A42FBD1304609F073FF48
:1019940005482B460321054A0AF0E2FA002070BDEF
:1019A4004FF0FF30FBE700BFF0D70008E7E700087F
:1019B40070B50546C078FFF7DFFE044628B300F58E
:1019C400C2764FF0FF334FF0FF32304609F051FF3B
:1019D40094F8983153B1EB7802210C4A0C480AF080
:1019E400BFFA3046BDE8704009F045BF012284F8D3
:1019F40098212A7904F5D07084F89921C4F89C318F
:101A04000022002307F064FCEBE770BD08E800083F
:101A1400F0D7000813B50446C37802790321009275
:101A24000448054A0AF0A6FAE07802B0BDE810407E
:101A3400FFF794BFF0D7000852E800082DE9F84FEB
:101A4400044609F079FFB0FA80F0C0F11F0004EBFE
:101A54008006D6F81090CD0005F1040A0B46063531
:101A64008FB2B9F1000F0AD10121E26881400A4323
:101A7400E260336124F80A706753BDE8F88F4FEAD7
:101A8400C906043634F806B04FEACB0808F1060854
:101A940034F8083099450CD001210A4A0A480AF062
:101AA40056FA002383F31188BFF36F8F042318467B
:101AB40002DF24F80AB024F8059024F80870A7532C
:101AC400DBE700BF8EE8000860D80008B2F5802F7D
:101AD4002DE9F8430ED33E4940F20A333D4A3E48CD
:101AE40009F097FF3D4809F094FF40F20A31394864
:101AF40009F086FF042A0CD8394940F21133354ADB
:101B0400354809F086FF374809F083FF40F2113168
:101B1400EDE7043ACD1D114425F0070521F0070631
:101B2400A6EB0508B8F1170F4FEAD8070CD82E49D1
:101B340040F21D33274A284809F06BFF294809F071
:101B440068FF40F21D31D2E7B7FA87F44FF000097D
:101B5400C4F12002C4F12404A4000734E408631C83
:101B6400BB420560AF60C5F80C900CD91F4940F228
:101B74003333184A184809F04CFF1A4809F049FF52
:101B840040F23331B3E74946920005F110000BF0FF
:101B9400EBF9A2B2530043F001036B803B1B9BB2F1
:101BA40005EBC4015800A5F80090488025F83420BE
:101BB400A6F8029025F8083005EBC7035A88214699
:101BC40042F001025A802846BDE8F843FFF736BFC9
:101BD4000DE90008B2E80008B5DD000823E90008B3
:101BE4003AE900085BE9000874E900089DE9000887
:101BF40008B5024809F0F7FE002008BDD0E9000846
:101C04000E4A0346904202D30D4A904211D30D4A24
:101C140022B1934202D30C4A93420AD30B4A52B1E3
:101C24000B48834234BF01200020934238BF002078
:101C34007047012070471046704700BF58D0000815
:101C4400A8190108000000000000000000000000C6
:101C5400000000002DE9F04F054691B0994602F0CE
:101C640004030293C2F3C2030133AC070E461046C9
:101C7400DDF868A0049340F0C5812C1D002D3DD1F2
:101C840001F00706341DC6F1080600274FF0FF33A4
:101C94004FF004080193BB46434600F0020109F1EA
:101CA400FF320397009705910DB1C4F80090049892
:101CB400002809DC4846CDE90632FFF7A1FFDDE93B
:101CC4000632002800F0BE800598002800F0E58068
:101CD4000120A4EB050CBCF5007FC0F0B980944949
:101CE4004FF42273934A944809F093FE934809F001
:101CF40090FE4FF422718F4809F082FE0729C4D860
:101D04006FF01B0011B0BDE8F08F7A285BD84B2828
:101D14000FD8472857D829282ED8252850D052D84C
:101D2400202818BF23280CBF4FF0010B4FF0000BE5
:101D340071E04C382E2846D8DFE800F06D45454563
:101D4400454545454545454548454545454545453C
:101D540045564548485656566D486A456D45184897
:101D64001845457F7C48454548457C0000204FF098
:101D7400000B4FF0040835E001212A38C0B201FA03
:101D840000F010EA0E0F46D110F0625C2CD110EA7C
:101D9400010B40D06046013C4444B4FBF8F408FB1A
:101DA40004F425B1A3EB050CA444B445A8D8002839
:101DB40000F08E8004995AF8049B0139049173E76A
:101DC4000199013901914FF0000B24E012F8010C44
:101DD4006C2834D1002012F8023C83466C2BC8D105
:101DE4004FF008084346D6E70AF1070A2AF0070A23
:101DF400073424F00704FAE802BC35B106982044FD
:101E0400B0423FF67DAFC4E900BC4FF0000B08348C
:101E14004FF00808434612F8010F002871D0BBF1B7
:101E2400000F7FF472AF2528F5D14FF0010B019B11
:101E3400013301934FF00408ECE7584697E700207C
:101E44008346A8E70599A4EB050C00297FF443AF6A
:101E540000990F290CD9364940F28D23354A36486A
:101E640009F0D7FD364809F0D4FD40F28D2142E750
:101E7400F5B10099CCF3870C40310DEB010E0199BB
:101E84000EF820CC0EF8101C70B16CF07F0C0EF81C
:101E940020CC0137009801300090C5F108014FF6BD
:101EA400DA7E04340691B6E7039801300390F1E733
:101EB40008B10136EEE7029902360029EAD1484614
:101EC400CDE90632FEF7D6F9DDE906320644E1E74C
:101ED400042B08D10AF1040015B1DAF800102160CE
:101EE4008246043497E70AF1070323F0070303F15A
:101EF400080A1DB1D3E90001C4E90001082308342C
:101F040089E7631BB3F5806F0CD3094940F2DE23E4
:101F1400084A094809F07DFD0A4809F07AFD40F2B3
:101F2400DE21E8E685B9A6F10804E018EAE600BF78
:101F3400990C01080BEA0008B5DD000839EA00082D
:101F44005AEA000874EA0008029A9B0828602B7079
:101F54009DF80C30BAB1EB70AF7037B1002208A80D
:101F6400C5F1010C009B93420FD14FF0000AC5F15B
:101F740001030DF1200801930DF1300B009B534533
:101F840012D1601BBEE66B70E6E710F8013B190640
:101F940008D50CEB040EB64503F07F033FF6B0AE54
:101FA40004F8013B0132DDE71FB198F90020002A53
:101FB40017DB029BD3B11AF80B2004F8012B002283
:101FC400019B18191044B0423FF69AAE98F80000ED
:101FD400494604F8010B204603920AF0B8FF039A1D
:101FE40014440AF1010A08F10108C7E798F800202F
:101FF400029B55F8229045F822304846FEF73AF9FC
:10200400421CDDE76FF00D007CE600BF2DE9F04FC8
:1020140099B000AF8B460446C7E90C32D7F888A0C4
:1020240058B9AC4940F2A533AB4AAC4809F0F1FCCD
:1020340040F2A531A84809F0E3FC49B90378467891
:10204400807800EB830020445E4520D8A0EB040B8D
:102054000AF00103A6787B62E378002E0CBF4FF0F0
:1020640000090AF00109FB6213B11AF0020F17D13B
:10207400B9F1000F14D17B6B1BB1594620463A6B62
:1020840098475D4628466437BD46BDE8F08F451C39
:102094002846FEF7EFF8013028440BF1010BD3E793
:1020A400CAF3C003BB6123783B629B007B61636816
:1020B400FB613B6A04EB83017B6B002B7CD15D46A7
:1020C4000E44B9F1000F1ED088469946DFF810B2CD
:1020D40018F8013B54F82300002808BF5846FEF7BF
:1020E400C9F8D7F88C3001304BB1D7F89030994506
:1020F4003EBFD7F88C3023F8190009F10109B04527
:102104000544E5D146461AF0050F0CBF022301230E
:102114004FF000087B630AF0020AFB6A9845B1D2CB
:102124007378023654F823B05846FFF769FDBA694C
:1021340003460AB3386316F8021CF86909F032FC46
:102144003B6BC8B1EB468AB06A46664B0593FB69A4
:10215400CDE906314FF40073ADF82030624B42F8FC
:10216400103F00234FF41251604801F069F9DD4635
:10217400023D08F10108D0E723B17B6A2BB97B6BE0
:10218400ED1AF6E7BAF1000FF3D05548BBF1000F92
:1021940018BF5846FEF76EF8D7F88C3053B1D7F80D
:1021A400903099453FBFD7F88C20431C22F8193052
:1021B40009F101090544DCE7B9F1000F0BD0102E39
:1021C4001AD94B4940F22D43434A444809F021FCB3
:1021D40040F22D412EE7002E76D01AF0040F76D06F
:1021E400102E6DD943494FF487633B4A3B4809F0AD
:1021F40010FC4FF487611DE7B1464FF0000807F16A
:1022040040003246B9620AF0A2FEB96A8B19BB6279
:1022140000230AF002023A610AF00402FA60FA6A40
:10222400934269D36378796A1AF0020FFB614B44D5
:1022340018BF0022DBB208BF4FEA5802002940F061
:10224400DA801AF0040F14BF414600216370A170B4
:10225400E27020463A6B79697B6B9847051EFFF65E
:1022640011AF3B6A41462370FB693A6B6370FB6AAA
:10227400A670E37007F150007B6B9847B0F100083B
:10228400C0F2ED807B69FA6AB86A03EB420131441B
:102294003A6B7B6BABEB010198470028C0F2E180FD
:1022A400A84408EB00054FF0000807F1400AC845B0
:1022B400C0F0A38000213A6B08467B6B9847E1E6A7
:1022C400B04607F150009CE7B046B1469EE7C846C9
:1022D4009CE700BF92EA00080BEA0008B5DD00089D
:1022E4008BEA0008ADEA000804000001D8D7000812
:1022F40050EB00086FEB0008BB60BB6A13F8021BCD
:1023040013F8015CBB6254F82500FFF779FC024620
:10231400B869BB6830B1F8697A6009F043FBD7E962
:10232400012350BB5AB37A6A62B1B9F10F0F35D9A0
:102334004D4940F261434D4A4D4809F06AFB40F271
:10234400614177E6FA68C2B1B8F10F0F09D949497A
:1023540040F26643454A464809F05BFB40F2664159
:1023640068E608F1280107F1380008F1010201EBE1
:10237400000808F8105C5FFA82F801334FE73A6905
:10238400C2B1B9F10F0F09D9374940F26F43374A47
:10239400374809F03EFB40F26F414BE609F1280152
:1023A40007F1380009F10102014401F8205C5FFAE9
:1023B40082F9E2E7B8F10F0F09D92E4940F27443CC
:1023C4002A4A2B4809F025FB40F2744132E608F111
:1023D400280007F1380C604408F1010200F8101CD1
:1023E40007F1600108F1020851FA82F25FFA88F8F5
:1023F40002F8105CC1E7002128E718F80A3054F805
:1024040023B087F83F30D7F88C3033B3D7F8903007
:10241400984522D2D7F88C3033F8186001213A6BF2
:102424007B6B07F13F00984700281ADB124B0544E9
:10243400BBF1000F08BF9B4626B95846FDF71AFFAB
:10244400461CB6B2314658463A6B7B6B9847002817
:1024540007DB054408F1010829E70026DEE74546C5
:1024640010E605460EE600BF8FEB00080BEA0008F5
:10247400B5DD0008AEEB00088BEA0008014B1860DC
:10248400704700BF1400002038B50D4604462022D2
:1024940000210AF069FD0022EB68E361AB68A361E7
:1024A4002B6823626B68A26263622A6923B1591E96
:1024B400194208BF42F0010222610122002104F105
:1024C4002C000AF095FC48B1054906483023064A19
:1024D40009F09FFA3021044809F092FA38BD00BF90
:1024E40005EC0008B5DD0008DFEB00082DE9F04F2E
:1024F400002789B0CDE90123436A04468B4288460C
:10250400BA460597079754D300F11406EFF31185E3
:10251400102383F31288BFF36F8F3046A94608F067
:10252400DDF858B98F234D4A4D494E4809F071FAE8
:1025340031464D4809F06DFA8F2163E0304608F0CA
:102544002DF9079A2AB13946204609F048FB0023A1
:10255400079306A9204609F069FA0699834641457E
:1025640030D32268236A204613F8221003EB820A30
:1025740021F0030103F822102168424609F07AFA97
:10258400E3682060984218D04FF0000B304608F002
:10259400B3F850B389F31188BFF36F8F059929B14C
:1025A400A2690AB12046904700230593BBF1000FAE
:1025B400ACD1504609B0BDE8F08F236943F008035D
:1025C4002361E1E718B1204609F06EFADEE7DDE9A0
:1025D4000132134339D003910AF038FC0399A0BBAC
:1025E4009DBB304608F088F878B940F23D131B4A89
:1025F4001E491C4809F00DFA31461D4809F009FA34
:1026040040F23D11154809F0FBF985F31188BFF339
:102614006F8F04F12C00DDE9012306F0C5FA83462F
:10262400EFF31189102383F31288BFF36F8F3046C1
:1026340008F054F800283FF475AFBBFA8BFB304622
:1026440008F0ACF84FEA5B1BA0E7204607AB05AAED
:10265400276809F048FA834698E700BF0EEC0008A3
:102664003BEC0008B5DD000850EC000866EC0008FF
:102674007DEC00082DE9F0410446C36908460E4686
:10268400984704F114050746EFF31188102383F3E8
:102694001288BFF36F8F284608F020F868B98F239B
:1026A4001A4A1B491B4809F0B4F929461A4809F08B
:1026B400B0F98F21154809F0A3F9284608F06EF8FF
:1026C40033783A4643F0010333706168204609F0D9
:1026D400D1F96060204609F09DFA284608F00CF80C
:1026E40068B940F23D13094A0C490A4809F091F9C6
:1026F40029460B4809F08DF940F23D11DAE788F3D9
:102704001188BFF36F8FBDE8F08100BF0EEC0008A5
:102714003BEC0008B5DD000850EC000866EC00084E
:102724007DEC00082DE9F0470446002700F114066B
:10273400EFF31188102383F31288BFF36F8F3046B1
:1027440007F0CCFF054668B98F23394A39493A481E
:1027540009F05FF93146394809F05BF98F213448B3
:1027640009F04EF9304608F019F82369A1681807F2
:1027740002D46368994200D9636A5B1A002B41D082
:10278400206A10F8213000EB810913F003023CD0D9
:10279400022A04D150F821205FEA920A05D1DA070F
:1027A40020D44846E36998478246A16852462046A9
:1027B40009F060F95146A060204609F069F92F46F6
:1027C400304607F099FF10BB40F23D13184A1C49EC
:1027D400194809F01EF931461A4809F01AF940F26D
:1027E4003D11BCE743F0020300F82130E369484699
:1027F400A568984729460246204609F03BF900257A
:10280400A060DDE71D46A946DAE71546FBE788F335
:102814001188BFF36F8F002D8AD137B1B9F1000F42
:1028240003D104F12C0006F05FF94846BDE8F087B7
:102834000EEC00083BEC0008B5DD000850EC000885
:1028440066EC00087DEC00082DE9F0410446C369FC
:1028540008460D46984704F114060746EFF311881D
:10286400102383F31288BFF36F8F304607F036FFCF
:1028740068B98F23274A2849284809F0CAF83146FD
:10288400274809F0C6F88F21224809F0B9F83046E4
:1028940007F084FF2B7823F001032B7023699B0737
:1028A40005D5E268236A03EB82039D4222D12B788B
:1028B40023F002032B70D4E90231994204D13A4641
:1028C400204609F0D7F8A0603946204609F0E0F820
:1028D400304607F011FF90B940F23D130D4A1149FB
:1028E4000E4809F096F831460F4809F092F840F284
:1028F4003D11C9E72B6867F39F032B60E8E788F372
:102904001188BFF36F8F04F12C00BDE8F04106F08D
:10291400EBB800BF0EEC00083BEC0008B5DD000886
:1029240050EC000866EC00087DEC000870B5044625
:1029340000F11405EFF31186102383F31288BFF31B
:102944006F8F284607F0CAFE68B98F231A4A1B49BD
:102954001B4809F05EF829461A4809F05AF88F21F5
:10296400154809F04DF8284607F018FF2369A068B8
:102974001B0702D46368834213D2646A241A28466C
:1029840007F0BAFE78B940F23D130B4A0E490C48E1
:1029940009F03FF829460D4809F03BF840F23D1193
:1029A400DEE71C1AEBE786F31188BFF36F8F201E56
:1029B40018BF012070BD00BF0EEC00083BEC0008FE
:1029C400B5DD000850EC000866EC00087DEC00085A
:1029D4002DE9F34106460F4615464FF000082A46F6
:1029E400304601A909F03BF9044640B10246394694
:1029F40001980AF0ACFA2D1BA0442744EFD14246BB
:102A04003046311D09F049F948B1074907484923BF
:102A1400074A08F0FEFF4921054808F0F1FF404647
:102A240002B0BDE8F08100BF05EC0008B5DD000888
:102A34009DEC00082DE9F34107460E4615464FF07C
:102A440000082A46384601A909F018F9044648B195
:102A54002EB10246019930460AF079FA26442D1B1C
:102A6400A044EED14246384607F10A0109F015F9AF
:102A740048B1074907486423074A08F0CAFF64219C
:102A8400054808F0BDFF404602B0BDE8F08100BF34
:102A940005EC0008B5DD00089DEC0008034A0020A1
:102AA400536823F002035360704700BF00400244A0
:102AB40008B541680F48104A83680C31934207D225
:102AC4000E4A934204D31B6883B96FF057000EE09B
:102AD400B6230B4A0B490C4808F09BFF0B490C48E2
:102AE40008F097FFB621064808F08AFF984700EAE5
:102AF400E07008BD10D100086CD7000850D700085A
:102B0400C8EC000802ED0008B5DD00087EEE000800
:102B140020DF0008082810B502D90024204610BD83
:102B2400044B53F8204020460AF039F90028F5D127
:102B3400F3E700BF84D9000810B5EFF31184102324
:102B440083F31288BFF36F8F1C4807F0C7FD68B981
:102B54008F231B4A1B491C4808F05BFF17491B487D
:102B640008F057FF8F21164808F04AFF134807F072
:102B740015FE174803683BB9164A516A41F0010132
:102B84005162516AC907FCD5013303600B4807F051
:102B9400B3FD68B940F23D13094A0F490A4808F0E9
:102BA40038FF06490D4808F034FF40F23D11DAE7DA
:102BB40084F31188BFF36F8F10BD00BFA4150020EC
:102BC4000EEC00083BEC0008B5DD000850EC0008F2
:102BD400A01500200008024466EC00087DEC000803
:102BE40010B5EFF31184102383F31288BFF36F8FB2
:102BF400254807F073FD68B98F23244A24492548E2
:102C040008F007FF2049244808F003FF8F211F48DC
:102C140008F0F6FE1C4807F0C1FD20490B680BBB09
:102C240001221F4BD3E8EF1F002903D1C3E8E02F93
:102C34000028F7D104D102211A4A1B4809F087F968
:102C4400114807F059FDC8B940F23D130F4A17491E
:102C5400104808F0DEFE0C49154808F0DAFE40F290
:102C64003D11D4E7012B08BF124803F1FF3302BF23
:102C7400426A22F0010242620B60E1E784F31188A8
:102C8400BFF36F8F10BD00BFA41500200EEC000829
:102C94003BEC0008B5DD000850EC0008A01500204E
:102CA4009C1500201DEF000878D8000866EC000889
:102CB4007DEC00080008024408B502F0E9F8044B72
:102CC400044A1A60044AD36A43F00103D36208BD7C
:102CD400A80000200048E8010008024408B558B9DB
:102CE4000749084840F23513074A08F092FE40F2BB
:102CF4003511054808F084FE4368587908BD00BFC3
:102D040096EF0008B5DD00085EEF000810B548B97D
:102D140008490948A023094A08F07BFEA021074876
:102D240008F06EFE03681B6913B1BDE81040184734
:102D3400184610BD96EF0008B5DD00085EEF0008E8
:102D44002DE9F843044606460127DFF8408094FA4B
:102D5400A4F5B5FA85F507FA05F308EB05156FEA4E
:102D6400030924EA03042B7B5BB12846FFF7CEFF5B
:102D740038B96B6804222846196806EA090609F07E
:102D840076F8002CE3D13046BDE8F883A0D80008DB
:102D940010B5002288B00E490E480AF0BDF8002292
:102DA40000230024CDE906230E234FF40062CDE96D
:102DB4000334CDE90144084B08490094084806F05F
:102DC4005BFB084906480AF047F8204608B010BDE6
:102DD400C92E00081810002001320008402C0020E1
:102DE400900B0020ADEF00082DE9F047DFF8B49018
:102DF4002D4C8046A9EB04038F2B0F460BD92B498E
:102E040040F253132A4A2B4808F003FE40F25311B0
:102E1400274808F0F5FD284809F005F8064660B390
:102E240000252846BDE8F087237B8BB12368DB6847
:102E34000BB1204698476368204683F806A0FFF745
:102E440065FFB0B9636804222046196809F00FF8D9
:102E5400013610344C4514D9184940F25F13144A12
:102E6400144808F0D6FD164808F0D3FD40F25F116F
:102E7400CEE70AFA06F31D43EAE705464FF0010AD6
:102E8400E8E7D1D3B8F1000FCBD0002DC8D0284645
:102E9400FFF756FF0546002FF7D00021642007F006
:102EA40031FAF2E7B0D80008A0D80008E2EF000831
:102EB400B5EF0008B5DD0008BC15002012F00008CD
:102EC40033F00008014805F00FBE00BFC001002028
:102ED400014B53F820007047BCD9000808B50346DD
:102EE40008462BB1044A136000F09AFD002008BD87
:102EF4006FF01500FBE700BF1800002010B5044C6C
:102F0400237813B9034805F0EFFD0123237010BDA6
:102F140036180020C001002010B50446094808F006
:102F240082FF3CB1084BD3E8EF1F0139C3E8E21F2D
:102F3400002AF8D1054808F00DF9BDE8104004480E
:102F440005F0D2BDB4150020B815002018100020DB
:102F5400C00100200022044BD3E8EF0FC3E8E12FA7
:102F64000029F9D1704700BFB415002070B5FFF7F0
:102F7400F1FF0546104C114EB4421AD9104940F2E3
:102F84001623104A104808F044FD104808F041FD8B
:102F940040F216210B4808F033FD2046FFF79EFE51
:102FA40028B123685B6813B129462046984710343A
:102FB400E2E7F2D370BD00BFA0D80008B0D8000883
:102FC40012F00008B5EF0008B5DD000833F0000882
:102FD40010B5044C04492046FFF756FA034B1C6015
:102FE40010BD00BFFC000020A8D90008A8150020CF
:102FF4000023154A10B51370144A4FF47A71136004
:10300400134A14481360FFF769FFFFF7E1FF124BFF
:10301400124918468B4215D9114940F22B13114A13
:10302400114808F0F6FC114808F0F3FC40F22B11AB
:103034000C4808F0E5FC1A1A5C681211013222717E
:103044001033E7E7F7D310BD37180020B41500207C
:10305400B81500203DBE0008A0D80008B0D800086C
:1030640012F00008B5EF0008B5DD000833F00008E1
:103074000146002200230148FFF738BAFC00002073
:103084000148FFF74FBB00BFFC000020024B014684
:103094001868FFF7D9BB00BFA81500200148FFF747
:1030A40045BC00BFFC00002070B52D4B1B78002BE5
:1030B40054D0FFF7E5FF044600283FD1294B2A4DA1
:1030C4001B68002B12DD09F025FF0A220023FDF7FF
:1030D400B7F8D5E90032C01A40F2E93361EB0201D6
:1030E400984271F1000101D3FFF740FFD5E90032A6
:1030F40013F57A7342F10002C5E9003274B3BDE8F6
:103104007040FFF7CBBF2846FFF7E8FD20B12B68DE
:10311400214628461B6898471035B54211D91349F2
:1031240040F20A23124A134808F073FC124808F0CC
:1031340070FC40F20A210E4808F062FC0F4D104E5C
:10314400EBE7E0D32046FFF7A1FF0E4BD3E8EF1FD8
:103154000139C3E8E21F002AB0D0F7E7002070BDB0
:1031640036180020B41500201010002012F00008BA
:10317400B5EF0008B5DD000833F00008A0D800085A
:10318400B0D80008B815002070B5154D297831BBAA
:103194000120FFF729FE134C134EB44218D91349EA
:1031A40040F2CF13124A134808F033FC124808F0D7
:1031B40030FC40F2CF110E4808F022FC2046FFF705
:1031C4008DFD18B1236820469B6898471034E4E7C6
:1031D400F4D3FFF769FF0028FBD101232B7070BDE6
:1031E40037180020A0D80008B0D8000812F0000852
:1031F400B5EF0008B5DD000833F000082DE9F84309
:10320400374F384BFB1A1B090AD1374940F2CF33E9
:10321400364A374808F0FDFB40F2CF31334819E015
:1032240000210846FFF7E0FD0446A8B14FF4FA7800
:103234004FF000092F4B1B789BB92F4940F24633BE
:103244002E4A2B4808F0E5FB2D4808F0E2FB40F23B
:1032540046312A4808F0D4FB4FF0FF384FF0FF39CD
:10326400E8E701F0FDF8274B274A1B58136033B1F8
:10327400264B1B68092B02DD254805F035FC00258B
:1032840044B12046FFF75CFD044618B94FF0FF38FF
:103294004FF0FF39FFF708FF064628B935B91C4837
:1032A40042464B4605F080FC3546E9E70D4D08E003
:1032B400F5D22B689B691BB100222846114698471A
:1032C4001035BD42F4D9134940F2C333074A0848C4
:1032D40008F09FFB104808F09CFB40F2C3319DE7C7
:1032E400B0D80008A0D8000852F00008B5EF0008D4
:1032F400B5DD00083A18002099F000086EF00008C7
:10330400ACF0000808000000B0150020B81500203B
:10331400C001002012F0000833F0000813B52C4857
:1033240008F081FD2B4B1B78002B35D0EFF3118473
:10333400102383F31288BFF36F8F274807F0CEF969
:1033440068B98F23254A2649264808F062FB22499A
:10335400254808F05EFB8F21204808F051FB1E48E9
:1033640007F01CFAFFF7A0FE1B4807F0C5F968B97F
:1033740040F23D13194A1D491A4808F04AFB164900
:103384001B4808F046FB40F23D11E5E784F3118841
:10339400BFF36F8F02B010BD164B1B68002BF9D022
:1033A40050B9002200231448CDE9002342F21072E0
:1033B400002307F073FEEDE70928EBD10E4807F070
:1033C400C9FE0E4802B0BDE8104005F08DBB00BF39
:1033D400B815002037180020AC1500200EEC0008AA
:1033E4003BEC0008B5DD000850EC000866EC000872
:1033F4007DEC0008B015002018100020C00100204A
:1034040010B5064B04461B6898472146A060044843
:10341400FFF730F9BDE81040FFF780BF1800002027
:10342400FC000020044A054B9B1AB1EBD30F34BFB8
:1034340052F8310000207047B8D70008A0D800081F
:103444002DE9F04F8FB0C1F34A2604AF0D469046E4
:10345400B8607B600C0D002E66D04FF000090A2383
:103464004FF0040B07F1140AFE60C7E90799C7F887
:1034740024900093CDF808B0CDF804A007F11C0304
:103484004A464046F968FEF7C1FDB0F5006F0346B1
:103494001CD36C468AB0D8F8041004AB2B481A46E7
:1034A400C3E9050140F2FF71D9614FF40071198439
:1034B400274B42F8103F4FF412514B462548FFF773
:1034C400BFFFA5462C37BD46BDE8F08FC0F30A0602
:1034D40004F11700184420F0070080083B60FFF750
:1034E400C7FD66F35325044630B33B6800F1100171
:1034F400C7E908390A23F961CDE901AB00934046D5
:10350400154AF96807F11C03FEF780FD002813DA59
:103514001249134840F24913124A08F07AFA40F269
:103524004911104808F06CFA04F1170020F0070064
:103534008008FFF79DFD044666F353252A4620467E
:103544007B68B96808F0B3FCBCE700BFDBF0000897
:103554000400000130D8000885BE000847F10008C7
:10356400B5DD00081AF100082DE9F04F87B00546D3
:10357400DDE9106BDDE9127A8846144699462FB3CB
:103584003B465A4610210020CDF800A0CDF814A0E7
:10359400FEF760FB00280BDA27494FF4BF73274A74
:1035A400274808F036FA4FF4BF71244808F028FA87
:1035B400B0F5006F01460BD340F2FF730221214A9C
:1035C400214807B0BDE8F04F08F0CABC3946384678
:1035D40004F0070305F00704E40044EA831444EA12
:1035E400402444EA065406F11700084420F007007A
:1035F40080080391FFF73CFD0546A0B19FB13B460F
:103604005A460399CDF800A01030FEF723FB00289A
:1036140009DA094940F2A313084A094808F0F9F9FC
:1036240040F2A311C1E74B4622464146284607B063
:10363400BDE8F04F08F03BBC46F100081AF1000861
:10364400B5DD000850F1000830D80008406820B10A
:10365400034BC01A40F3CF0070474FF0FF30704760
:10366400B8D700080EB403B503AB53F8042B0146D6
:103674000448019301F09AF902B05DF804EB03B039
:10368400704700BFA9360008CA0605D48B064CBF94
:1036940002490349FFF7E6BF704700BFB50F0108B1
:1036A40088F1000838B54B6805461A68CB680C46A3
:1036B4009A4202D1084608F077FC6368D3E8EF2FFA
:1036C400511CC3E8E01F0028F8D1A3689D54636827
:1036D4001A68E3689A4209D9054906487E23064ACE
:1036E40008F097F97E21044808F08AF9002038BDD3
:1036F400BAF10008B5DD00088BF100082DE9F04FA0
:103704008BB099469DF85870179B044607930D4655
:10371400DDE918A3DDF8688006920593002F00F018
:10372400AC808F4B042FDB5D08930BD98D494FF48C
:1037340018738D4A8D4808F06CF94FF418718A4853
:1037440008F05EF908F48073099308F08EFB08F022
:10375400020B024600285DD020468549FFF782FF10
:103764000646BBF1000F08D018F0440F54D12A4686
:1037740020468049FFF776FF064408F0010353B161
:103784007D4B204653F827207C4B7D49002A08BFF7
:103794001A46FFF767FF08F48073002B08F008034C
:1037A40018BF4FF00009002B62D0764B204653F827
:1037B40027207549FFF756FF0546069B2BB11A468D
:1037C40020467249FFF74EFF0544B9F1000F0CD0B3
:1037D400089B002B4FD06E496E4B042F18BF19461F
:1037E4004A462046FFF73EFF05446B483544079B95
:1037F400002B49D02246694908F0A3F8002843DA8F
:10380400674940F2BD23584A584808F002F940F28B
:10381400BD2194E70646A4E7624B18680028ABD0A4
:10382400614B4FF47A7B1B684FF03C0CB5FBF3F50E
:10383400B5FBF0F14FF4616300FB11550BFB05F58B
:10384400B1FBF3F2B5FBF0FE03FB121100FB1E55B6
:10385400B1FBFCF30BFB05F5B5FBF0F50CFB131109
:1038640020460091CDE901E55049FFF7FBFE83E7CF
:1038740008F00805A1E74749B2E7B9F1010F3D4651
:103884000CBF45484A48B2E7059B002B54D0DDF8ED
:1038940014904146B9F1100F204628BF4FF010098B
:1038A4000026FFF7F1FEB54218DC00263346204619
:1038B4001AF803203F49FFF7D5FE0136102E13D026
:1038C400720703D120463C49FFF7CCFEB14533468D
:1038D400EDD820463949FFF7C5FEEEE720463649C4
:1038E400FFF7C0FE0136DEE7002620463449FFF725
:1038F400B9FE33461AF803202046A2F120035F2BB9
:1039040028BF2E222F49FFF7ADFE0136102E0DD011
:10391400730703D120462849FFF7A4FEB145334677
:10392400E8D820462449FFF79DFEEEE7059BCA44EC
:10393400B3EB09030593AAD15FB118F0010F04D0CA
:1039440020460E4A0E49FFF78DFE41462046FFF7FA
:103954009BFE20460BB0BDE8F04F08F025BB00BF2E
:1039640072190108F8F100088BF10008B5DD0008B0
:1039740003F2000807F20008CCD90008EAF10008B5
:103984002CF20008E0D900082FF2000835F20008F4
:10399400EFF10008F3F10008A9360008B149000866
:1039A40039F20008C4150020C015002010F20008E8
:1039B400C7BF000842F200084AF2000848F20008B3
:1039C4004CF200084EF2000842F20F7373B58B42BA
:1039D40028BF0B4605680446052168460D4A07F0D2
:1039E40067FC0646636828460B225B680A4908F0B0
:1039F400CDFA63683246694628465B6808F0C6FA21
:103A040063681B2228465B68044908F0BFFA02B0C9
:103A140070BD00BFC1E50008661901084A19010814
:103A240000210123064A904206D8064A01B901231F
:103A34001360054B18607047012140085B00F2E7F2
:103A440040420F00C0150020C41500202DE9F843A2
:103A54000D460446114EDFF84880DFF848904718B9
:103A6400BC4202D12846BDE8F88314F8011BB368B0
:103A7400434505D24B4503D330465B689847EFE78F
:103A8400B823094A09490A4807F0C3FF09490A4803
:103A940007F0BFFFB821044807F0B2FF7CD200084A
:103AA400B8D700086CD7000863DD0008E3DD000820
:103AB400B5DD0008D5F2000820DF000810B5436822
:103AC4001C68094809F06BF948B908490848992362
:103AD400084A07F09EFF9921064807F091FF2368E2
:103AE4005B685C6010BD00BF7CD20008AFF20008C8
:103AF400B5DD000871F20008014B03600020704737
:103B040028DA000880B505460E461746984606F0A2
:103B1400F7FC034600F0A4FCDFF83C90044649F8A7
:103B24000030424639463046A8470C4B1B7873B9DF
:103B34000B4940F246330B4A0B4807F06AFF0B4827
:103B440007F067FF40F24631064807F059FF54F882
:103B5400090000F021FC00BF080000003A18002012
:103B640099F000086EF00008B5DD0008ACF000081C
:103B740008B50348034A0021121A08F099FA08BD4F
:103B8400D00100203C180020074808B5074A08491E
:103B9400121A08F08FFABDE808400648064A074999
:103BA400121A08F087BA00BF00000020D0010020DC
:103BB400A81901080000002000000020A81901082D
:103BC4002DE9F04706460C4600AF002936D0D1E96E
:103BD4000012E9468AB06D46A3684FF0050AE8462C
:103BE4001F48CDE90723CDE9050148F810AF0023AC
:103BF40042464FF421511B48FFF722FCD4E903123B
:103C0400CD466369AD461848C5E90723C5E90501F2
:103C1400C5F810A0002342464FF421511148FFF784
:103C24000FFCCD46E3690121104A0E4808F098F9CB
:103C3400A36901210E4A0B4808F092F9012E07D11D
:103C4400EFF305830B4A31460648103B08F088F928
:103C54002146304604F0B6F9BD46BDE8F08700BF02
:103C6400E3F2000858D8000812F3000841F30008F2
:103C740050F300087EF3000830BFFFF7FDBF00BF1C
:103C84002DE9F04105460B4EDFF82C80324606EB59
:103C94000807CC1B2046094909F059F9A0194246E6
:103CA4000021083C09F060F92C6707F10800BDE821
:103CB400F08100BF0000000004000000B0D800083C
:103CC40010B5244C2449254808F001FAA36A990147
:103CD4003ED52248224908F0FAF91E20A36ADA01E7
:103CE40004D51E481F4908F0F2F91F20194CA36A95
:103CF400DB0204D519481C4908F0E9F90220A36A3B
:103D04001C0304D51548194908F0E1F92120114C88
:103D1400A36A590304D51148154908F0D8F922209B
:103D2400A36A9A0304D50D48124908F0D0F9232058
:103D3400084CA36ADB0304D508480F4908F0C7F907
:103D44002420A36A6FEA03436FEA1343A36210BDFE
:103D54001D20C3E700ED00E091F3000858D80008E7
:103D6400A9F30008BCF30008D6F3000800F4000827
:103D74001EF4000843F400085DF4000870B506461C
:103D84000D46334C3349344808F0A1F9A36AD906E7
:103D94004DD53148314908F09AF91120A36A1A0720
:103DA40004D52D482E4908F092F91220284CA36A14
:103DB4009B0712D52B49284808F089F9636BA26A3E
:103DC400110609D50121284A234808F0C9F81EB173
:103DD400A36A23F08003A36213201D4CA36ADA07AD
:103DE40004D51D48214908F072F91420A36A9B06E2
:103DF40004D519481E4908F06AF91520144B9A6A2B
:103E0400D60602D49A6A940713D59B6AD90610D5AC
:103E1400184940F22D13184A184807F0FAFD1848BB
:103E240007F0F7FD40F22D11134807F0E9FD1020CB
:103E3400B4E7074B9A6A920642BF5A6A22F40052C8
:103E44005A629A6A42F0FF029A6200232B7070BD94
:103E540000ED00E088F4000858D800089EF400083B
:103E6400D1F40008E4F40008FCF4000812F500089A
:103E740031F5000892F5000860F50008B5DD00088A
:103E8400DCF5000870B506460D46284C284929483B
:103E940008F01DF9A36AD9043CD52648264908F040
:103EA40016F91720A36A1A0504D52248234908F0F5
:103EB4000EF918201D4CA36A9B0512D51D482049F4
:103EC40008F005F9A36BA26A100409D501211D4A63
:103ED400184808F045F81EB1A36A23F40043A3620E
:103EE4001920124CA36A590504D51248164908F042
:103EF400EEF81A20A36ADA050ED50E48134908F025
:103F0400E6F81B20094A936A43F47F439362002333
:103F14002B7070BD1620C5E7A36A9B04F2D5054833
:103F24000B4908F0D4F81C20ECE700BF00ED00E0DA
:103F340040F6000858D8000856F60008D1F40008E6
:103F440067F6000880F6000895F60008B0F6000849
:103F540031F50008F0B58BB07A4B0446586800255B
:103F640000AFC0F3080385F31188BFF36F8F02F02D
:103F74007F46B6F17F4F07D102F00C06082E12D10E
:103F84007149724808F0A3F8714940F21B43714A21
:103F9400714807F03EFD714807F03BFD40F21B41BC
:103FA4006C4807F02DFD16074CBF0C460125002C6C
:103FB400EAD00022FA71DA1E092A00F2A280DFE8B0
:103FC40002F005989B7BA0A0A0A0A09E64495F4836
:103FD40008F07DF800235B4EFB71F36A9A0705D560
:103FE40060495A4808F073F800232DE0F36A002B67
:103FF40001DA5D49F5E7F36A5B006DD55B49534827
:1040040008F065F87369A26943F480737361BFF3C0
:104014004F8FBFF36F8F32F8023C726922F48072C3
:104024007261BFF34F8FBFF36F8F03F47F42B2F51A
:104034005F4F2AD1DBB2022B27D1236801214C4ADE
:10404400424807F08DFF2368FA79DAB907F10806C8
:1040540004F1200C324620686168083403C26445C8
:104064001646F7D17A6A002D68D0C2F3080121B947
:104074006FEA52226FEA42227A62184607F1080177
:10408400FFF79EFD2C37BD46F0BD2E4B9A6AD2B287
:104094002AB10120F91DFFF771FE0346D4E79A6A9D
:1040A40012F47F4F04D00120F91DFFF7EBFEF4E773
:1040B4009B6AB3F5803F02D3FFF702FEEDE72D497B
:1040C40040F2ED23234A244807F0A3FC2A4807F0D2
:1040D400A0FC40F2ED2163E726494FF43C731D4AEE
:1040E4001D4807F096FC254807F093FC4FF43C71FB
:1040F40056E70020F91DCEE70020F91DD5E7204939
:104104006FE7204A6E4610F4F87F8AB01E4918BF44
:1041140011466A46103B07934FF400731B48ADF8F1
:1041240020301B4BCDE9050142F8103F00234FF42A
:1041340011510648FFF784F9B54655E76FF30802B5
:104144009AE700BF00ED00E0F6F6000858D8000832
:1041540021F7000860F50008B5DD000834F7000811
:1041640072F7000889F70008AAF70008B8F70008F2
:10417400D7F70008990C0108F3F7000817F80008AE
:1041840047F80008DDF60008C8F600086BF80008D8
:1041940004000001064B5A6942F010025A615A6940
:1041A40042F480625A615A6922F008025A617047E7
:1041B40000ED00E0EFF30880EFF3098101B57246EA
:1041C400FFF7C8FE01BD00BF0A4880F3088810202D
:1041D40080F3118808484FF40061401880F309887F
:1041E400EFF314800221084380F31488BFF36F8F28
:1041F40000F064F880450020403400201EF0040FD5
:104204000CBFEFF30880EFF30980816911F8021CF9
:104214000229FFD001B5724607F04EFF01BD00BF71
:1042240000B2002807DB01234109034A00F01F0004
:10423400834042F82130704700E100E038B54B1C60
:104244000F2B04460D460FD96B23104A1049114811
:1042540007F0DFFB294610480F23224607F0D9FB5D
:104264006B210A4807F0CCFB00B20028ACBF00F178
:1042740060400A4A4FEA0313DBB2ABBF00F561406A
:1042840000F00F0080F80033135438BD7EF80008A6
:10429400B5F80008B5DD0008D0F8000814ED00E01A
:1042A400044B054A23F07F039360BFF34F8FBFF3A2
:1042B4006F8F70470000000800ED00E008B5FFF7BD
:1042C400EFFF0B4AD2F8883023F47003C2F8883029
:1042D400EFF3148323F0040383F31488BFF36F8F85
:1042E400FFF746FCFFF750FC00F09CF803F0E0FFFA
:1042F40000ED00E042F8203C009B0B4942F81C3CD6
:10430400019B21F0010142F8183C029B42F8081C71
:1043140042F8143C4FF0807342F8043C0023203AE6
:1043240002654367704700BF093B000800B50D4BA9
:1043340015469860026F0C4B0E461A60036E83F3A9
:104344000B882C4686F309880020044B98472046A6
:10435400002100220023024C20470000F1C0000885
:10436400093B0008DC170020EC1500201022014B4B
:104374001A61704700ED00E0054B5A699B689A4248
:104384001FBF044A536843F080535360704700BF13
:10439400DC17002000ED00E0084B9B6883420BD142
:1043A400EFF3058343B1064B5A6842F080525A60DA
:1043B4005A6A22F400425A6205F0A4B8DC170020BD
:1043C40000ED00E014498A684FF030001044EFF328
:1043D400098C80E8F01F102080F31288BFF36F8FE0
:1043E4000E4F4FF000664A698A603E60106F0C4CB5
:1043F4002060506F0023536780F3118802F130006E
:1044040090E8F01F8CF3098802F1000004B507F06E
:1044140066FEBDE804407047DC17002004ED00E0B0
:10442400EC150020002310210348C2180133812B0E
:1044340082F80013F9D1704700E100E008B5EFF30A
:104444000583064A103B02EBC30152F83300496866
:104454008847BDE80840FFF78FBF00BFB4D200080B
:104464000148006870470000EC1500201FB50121C9
:10447400094B0A4A0A4800F00FF90023064A03933D
:10448400084B0121019301A8D31A029300F028F9E3
:1044940005B05DF804FB00BF00000420000000200C
:1044A40028DA0008D00100200A7A0B6810B562F3FC
:1044B40004031C46CB68520923F01F0343EA42035A
:1044C400044A43F00103C2F89800C2F89C40C2F8C1
:1044D400A03010BD00ED00E010B50A4BD3F89030C9
:1044E400C3F30723013B984208D901210346064A36
:1044F400064807F035FD6FF0150010BDFFF7D4FF37
:10450400FBE700BF00ED00E014F9000850D80008F4
:104514002DE9F04F8946144606464FF000084F4DEA
:1045240085B0C84527DAD6F804A0BAF1000F44D004
:10453400BAF11F0F17D91AF01F0F14D1D6F800B013
:104544001BF01F0F0FD1584607F0E4FD07460AEB96
:104554000B00013807F0DEFD874210D06FF015071D
:104564003F4A3B4601E043463E4A01213E4807F0AC
:10457400F7FC6FF01504204605B0BDE8F08F17F185
:10458400160FEDD0BC42EBDDC5F89870D5F89C1041
:10459400C5F89870D5F8A03021F01F0143F01F0B27
:1045A400D6E900321A44994202F1FF3A1AD1D345AE
:1045B40007D13146F8B207F0B6FD08F101080C3610
:1045C400AFE73146C5F89870D5F89C30E0B263F394
:1045D4000402C5F89C2007F0A6FD10F1160FC8D000
:1045E400441CEAE7C5F89870D5F8A020013B23F0F5
:1045F4001F0302F01F021343D3453146E0B2C5F84E
:10460400A030E8D007F08FFD10F1160FB1D0C5F837
:104614009870D5F89C209DF808300BF1FF3B62F3AD
:1046240004038DF80830D5F8A0309DF808205B0805
:1046340063F347128DF80820D6E90032134400933F
:1046440023F01F035B44A3EB0A03013023F01F0391
:104654006946C0B20393FFF73FFFBEE700ED00E0F9
:1046640060F900083AF9000850D800080522044B04
:10467400C3F89420BFF34F8FBFF36F8F704700BF11
:1046840000ED00E0BFF35F8F0022024BC3F89420DB
:10469400704700BF00ED00E038B50C4D0C462A7899
:1046A400FFF736FF287016300FD140F28913084AFD
:1046B4000849094807F0ADF92146084807F0A9F967
:1046C40040F28911024807F09BF938BD39180020DF
:1046D40083F90008990C0108B5DD0008B2F9000857
:1046E4002DE9F74F314D894606464FF00008AB4699
:1046F4002F4FC84502DB03B0BDE8F08FD6F804A005
:10470400BAF1000F4CD031680846019107F002FD60
:10471400019904460AEB0100013807F0FBFC8442CE
:104724004FF01402234B15D002FB08F36FF015026F
:104734004BF8032040F299131F4A2049204807F000
:1047440068F949461F4807F064F940F299111A487C
:1047540007F056F914F1160F2C60EBD01978A1422A
:10476400E8DD02FB08B0C7F89840C7F89840D7F8CE
:104774009C4000F10801007B64F304000871D7F841
:10478400A0000C79400860F347140C71D7F89C1012
:1047940021F01F016960D7F8A01021F01F012961E1
:1047A40008F1010814350C36A3E700BFF01500200A
:1047B40000ED00E03918002083F90008990C010885
:1047C400B5DD0008DEF900082DE9F0416B4D6C4EB3
:1047D400D5F890303468C3F307239C4286B013D9CC
:1047E40040F20223674A6849684807F012F9D5F88D
:1047F400902021466648C2F3072207F00AF940F2E6
:104804000221604807F0FCF80020FFF73BFF614BF2
:10481400C5F8C03084421BD15F4D01A82C70FFF74E
:104824006BF9002607464FF061085C4CB74216D17D
:1048340000202B785149D1F89020C2F307229342EB
:10484400C0F295800020FFF711FF06B0BDE8F081AB
:10485400716801EB0011FFF727FE0130DAE7019AD6
:10486400300102EB0613D3F80CC00CEA0401B1F1D9
:10487400807F57D00AD8B1F5001F29D0B1F5800F39
:1048840043D0B1F5801F14D00136CFE7B1F1006FEA
:1048940048D0B1F1805FF7D159689B681258013B49
:1048A40021F01F000344CDE9021223F01F0301226B
:1048B4000BE0596812589B68CDE902122122013B92
:1048C40021F01F00034423F01F038DF8102036E06D
:1048D400596812589B68CDE902124122013B21F02C
:1048E4001F00034423F01F031CF0010F8DF8102058
:1048F400059325D02A498423224A244807F089F8BD
:10490400284807F086F884217BE759689B68125889
:10491400013B21F01F000344CDE9021223F01F03E1
:104924000622D2E7596812589B6821F01F00013B08
:10493400CDE90212034423F01F038DF81080059380
:10494400287802A9FFF7C8FD00280CDA0E4940F2C6
:1049540035230C4A0D4807F05CF8134807F059F862
:1049640040F235214DE72B7801332B708CE7C1F8E9
:104974009830C1F8A00001335DE700BF00ED00E00E
:1049840034DA000883F90008990C0108B5DD000841
:104994000DFA0008AAFF4400391800200000F0FFB7
:1049A40041FA000867FA000896FA0008F0B587B0E3
:1049B40007460E4614460021102268461D4608F09C
:1049C400D3FA02238DF80230054B2A462146684665
:1049D400CDE90476019306F095FC07B0F0BD00BF65
:1049E4005DC1000808B5024B1B689847002008BD4C
:1049F40004160020034B044A1860937843F0020322
:104A040093707047041600202400002008B506495E
:104A1400064821F00701C1F1005202F58022FDF79A
:104A240055F8002008BD00BFA75A00200816002032
:104A340007B5124A92E80300CDE900011048114974
:104A440082688A4207D210498A4204D3126882B922
:104A54006FF057000FE0B6230C4A0D490D4806F0DD
:104A6400D8FF0D490D4806F0D4FFB621074806F0DB
:104A7400C7FF6946904703B05DF804FBC8D8000837
:104A840010D100086CD7000850D70008C8EC000803
:104A940002ED0008B5DD00087EEE000820DF000806
:104AA400024608B500F01F0301203F2A00FA03F371
:104AB40005D90C480C4907F06DFB002008BD1F2ADE
:104AC4000A4A09D8D16833EA0101F7D0126993433D
:104AD4000CBF01200020F1E7D16A33EA0101EDD0D7
:104AE400126BF4E728D80008CFFA0008002002442B
:104AF40008B5012300F01F013F28024603FA01F321
:104B040006D90848084907F045FB6FF0150008BDB1
:104B14001F28064A03D8D36013610020F7E7D36245
:104B24001363FAE728D80008CFFA000800200244EB
:104B34002DE9F041054600264FF001080E4F6B7831
:104B4400F4B2A34201D8BDE8F0812B781C4420467E
:104B5400FFF7A6FF68B12046FFF7CAFF57F83430C5
:104B64003BB107EBC40204F01F04516808FA04F0D7
:104B740098470136E3E700BF1416002008B510B1CA
:104B8400431E03420CD00E4960230E4A0E4806F021
:104B940040FF0E4806F03DFF60210A4806F030FF52
:104BA400B0FA80F0C0F11F000F2807DD0849612327
:104BB400044A054806F02DFF6121EEE7C0B208BDA6
:104BC40093FB000851FB0008B5DD0008C8FB000892
:104BD400F1FB0008014B23F810107047BC000020C3
:104BE40010B50446FFF7CAFF0C4B33F91000FF2839
:104BF40009D10B490B48CB230B4A06F00AFFCB2102
:104C0400094806F0FDFE094BD3F880201443C3F88D
:104C14008040BDE81040FFF703BB00BFBC0000208C
:104C24006DFC0008B5DD000851FB000800200244BB
:104C3400034AD2F8803023EA0003C2F88030704778
:104C44000020024408B5174B03291ED8DFE801F001
:104C5400020B0E161A6822EA00021A605A6822EA47
:104C640000025A6008BD1A680243F6E75A68024314
:104C74005A601A6822EA00021A60F3E71A680243CB
:104C84001A605A6810435860ECE7074907484FF424
:104C94008173074A06F0BDFE4FF48171044806F0A3
:104CA400AFFE00BF00200244990C0108B5DD0008E6
:104CB40051FB000838B50D461446FFF75FFF0A4B59
:104CC40053F83020AA4204D103EBC0014968A14241
:104CD40005D032B943F8305003EBC0035C600020C8
:104CE40038BD6FF00F00FBE71416002008B5FFF77E
:104CF40045FF0022034B43F8302003EBC0035A6006
:104D040008BD00BF14160020C300074AC0F3810089
:104D1400183052F8202003F018000F23834013406A
:104D240023FA00F0704700BF00200244411812D259
:104D34000A4B9862D962196821F4E0610A431A6047
:104D44001A6842F400621A60586810F00800FBD137
:104D54001022DA6070476FF08A0070470014034035
:104D640070B504460D46EFF31186102383F31288C1
:104D7400BFF36F8F194805F0B1FC68B98F23184A47
:104D84001849194806F045FE1449184806F041FE32
:104D94008F21134806F034FE104805F0FFFC20462E
:104DA4004FF480722946FFF7C1FF04460B4805F013
:104DB400A3FC68B940F23D13094A0D490A4806F0BC
:104DC40028FE06490B4806F024FE40F23D11E0E7B8
:104DD40086F31188BFF36F8F204670BD94160020B0
:104DE4000EEC00083BEC0008B5DD000850EC0008B0
:104DF40066EC00087DEC000870B504460D46EFF340
:104E04001186102383F31288BFF36F8F194805F0BE
:104E140065FC68B98F23184A1849194806F0F9FD4A
:104E24001449184806F0F5FD8F21134806F0E8FDF3
:104E3400104805F0B3FC20464FF400722946FFF7F2
:104E440075FF04460B4805F057FC68B940F23D1362
:104E5400094A0D490A4806F0DCFD06490B4806F0EC
:104E6400D8FD40F23D11E0E786F31188BFF36F8F60
:104E7400204670BD941600200EEC00083BEC0008A0
:104E8400B5DD000850EC000866EC00087DEC000875
:104E9400074B1A6822F004021A605A68D207FCD43D
:104EA4000222DA601A6842F001021A60704700BFF9
:104EB4000004034008B570B9114840F2AD33114AFB
:104EC400114906F0A6FD114806F0A3FD40F2AD31EC
:104ED4000C4806F095FD80680D4B984202D20D4BAC
:104EE40098420BD240F2AD33064A0B49044806F00F
:104EF40090FD0A490A4806F08CFDE7E7303008BD0A
:104F0400B5DD000892E30008A2DD0008D2DD000848
:104F14001CD70008C0D60008C2E30008E805010851
:104F240020DF000808B570B9114840F2BB33114ABC
:104F3400114906F06EFD114806F06BFD40F2BB31DD
:104F44000C4806F05DFD80680D4B984202D20D4B73
:104F540098420BD240F2BB33064A0B49044806F090
:104F640058FD0A490A4806F054FDE7E73A3008BDFF
:104F7400B5DD000892E30008A2DD0008D2DD0008D8
:104F84001CD70008C0D60008C2E30008E8050108E1
:104F940020DF00082DE9F04F1F465D889B8801350E
:104FA4001D44FB8887B01D44109B88469246BDF87B
:104FB4004490002B00F0EA80B9F57A7F80F0E68017
:104FC40070B9744840F26D33734A744906F021FD98
:104FD400734806F01EFD40F26D316F4806F010FD77
:104FE4008368704A934209D26F4A934206D39B6AFC
:104FF40005A9984770B16FF00400BBE040F26D332F
:10500400654A6A49634806F004FD6949694806F03F
:1050140000FDE0E7B9F1000F0AD1674B109A9A42FC
:1050240051D840F26B39654B9A4288BF4FF44879A6
:10503400059B6FF000400193109B5D43019BB3FB04
:10504400F5F5BAF808309D4238BF1D46109B03FBA6
:1050540005FB3B89AB4273DB019BB3FBFBF3009382
:10506400DDE900230BFB12334BBB4FF47A76009936
:10507400BDF8002001FB09F1B1FBF6F17B88BAF819
:105084000660B7F804E0511A89B20EEB0304B1428A
:105094000393BAF804C0BAF80230A4B2029615D940
:1050A400FE888E4228BF0E46511E891B89B28C424F
:1050B4000ED2161B013EFA88B6B2B24213D2109B2E
:1050C40001359B44C5E740F2EE29B1E7029EEBE7C8
:1050D4000CEB0304A4B28C424FD9121B013A96B2D2
:1050E400029AB242EBD8B3EB540F4FEA540203D204
:1050F400039B934228BF1346E21A92B296453ED2CE
:105104007246A4EB0E039BB24FF47A7104FB0114B4
:105114000099B4FBF1F4A14534BFA4EB0904A9EB55
:105124000404002CCBDBA042C9DD2046A8F80230E1
:10513400A8F80420A8F80660A8F80850002CBED1EE
:10514400B8F80630B8F804205B08934228BF134629
:10515400A8F80030BAF80020934203D93A889A425A
:1051640028BF1A466FF00043984208BF6FF08500CD
:10517400A8F8002007B0BDE8F08F0C46B3E79445CB
:1051840082BFA4EB0C0362469BB2BDE76FF015002F
:10519400F0E700BFB5DD000892E30008A2DD0008D7
:1051A400D2DD00081CD70008C0D60008C2E30008FE
:1051B400E805010820DF000800350C0020A10700E5
:1051C40008B570B9114840F2ED33114A114906F09F
:1051D40020FC114806F01DFC40F2ED310C4806F0AD
:1051E4000FFC80680D4B984202D20D4B98420BD2B3
:1051F40040F2ED33064A0B49044806F00AFC0A491A
:105204000A4806F006FCE7E7483008BDB5DD0008AB
:1052140092E30008A2DD0008D2DD00081CD70008D4
:10522400C0D60008C2E30008E805010820DF000832
:1052340008B570B9114840F20343114A114906F008
:10524400E8FB114806F0E5FB40F203410C4806F088
:10525400D7FB80680D4B984202D20D4B98420BD27B
:1052640040F20343064A0B49044806F0D2FB0A49BC
:105274000A4806F0CEFBE7E7523008BDB5DD00086A
:1052840092E30008A2DD0008D2DD00081CD7000864
:10529400C0D60008C2E30008E805010820DF0008C2
:1052A4002DE9F04F89B002AF0C4692469946054667
:1052B400D7F840E060B93E4825233E4A3E4906F00F
:1052C400A8FB3E4806F0A5FB25213A4806F098FBCA
:1052D4008668DFF8ECC066450AD2DFF8E8C06645A8
:1052E40006D381B96FF015001C37BD46BDE8F08FB9
:1052F4002523304A34492E4806F08BFB3349344881
:1053040006F087FBE0E791F805C040F2FF7B1CF054
:10531400010C18BF6FF0604BD1F8008038EA0B0B1A
:1053240021D0BCF1000F1AD01D21082329486C4656
:105334008CB002AAC2E907134FF40073264D1385FB
:10534400264BC2E90550C2F8248042F8103F0023DE
:105354004FF451512248FEF773F8A546C2E70B21DA
:1053640003232048E3E7BEF1000F1BD107F1040833
:1053740001227146404607F03BFD1B4BCDF80480EB
:10538400009352464B46214628467669B04700288A
:10539400AAD14FF0FF324FF0FF33404603F004FC34
:1053A4007869A1E77C6CCDE900E47469A0479BE7C8
:1053B400B5DD000888FC0008A2DD0008D2DD000885
:1053C4001CD70008C0D60008C2E30008E80501089D
:1053D40020DF0008DCFC0008EEFC000806000001E9
:1053E400C0D70008E5FC000857C300082DE9F041C8
:1053F40000AF61B35BB3D3E900E41E7A40F2FF7CF3
:1054040016F0010618BF6FF0604C4EEA040838EA43
:105414000C0825D006B31D21082323486D468EB001
:105424006A46CDE90713CDE909E34FF400731F4E33
:10543400ADF830301E4BCDE905600B9442F8103FB7
:10544400002344F240411B48FDF7FAFFAD466FF0DC
:105454001500BD46BDE8F0810B2103231648DDE7A6
:1054640060B916486523164A164906F0D2FA16485A
:1054740006F0CFFA6521124806F0C2FA8468134D8B
:10548400AC4202D2124DAC420AD265230C4A1149F5
:105494000A4806F0BEFA1049104806F0BAFAE9E7DD
:1054A400A469A047D5E700BFDCFC00081BFD000889
:1054B40008000001C0D70008E5FC0008B5DD0008BD
:1054C40088FC0008A2DD0008D2DD00081CD7000813
:1054D400C0D60008C2E30008E805010820DF000880
:1054E4002DE9F34104460E4615469846FFF7E2FCC3
:1054F40007462046FFF716FD084A0346954209D899
:105504003A4631462046CDE90058FFF743FD02B044
:10551400BDE8F0816FF01500F9E700BF40420F00CD
:105524002DE9F34104460E4615469846FFF748FE1A
:1055340007462046FFF77CFE084A0346954209D8F1
:105544003A4631462046CDE90058FFF723FD02B024
:10555400BDE8F0816FF01500F9E700BF00127A0092
:1055640070B504460D46FFF7A5FC06462046FFF736
:10557400D9FC31460246284606F0BCFE40BB74B94D
:1055840015484FF4BD73154A154906F042FA1548FB
:1055940006F03FFA4FF4BD71104806F031FAA368E3
:1055A400114A934208D2114A934205D32946204610
:1055B400BDE870401B6918474FF4BD73074A0C4996
:1055C400054806F026FA0B490B4806F022FAE1E7F3
:1055D4006FF0850070BD00BFB5DD000888FC0008D1
:1055E400A2DD0008D2DD00081CD70008C0D60008E0
:1055F400C2E30008E805010820DF00082DE9F041B6
:105604000D46044670B91E484FF4CD731D4A1E4919
:1056140006F0FFF91D4806F0FCF94FF4CD71194866
:1056240006F0EEF987681A4B9F420FD2194B9F423E
:105634000CD3FFF7C5FD06462046FFF7F9FD7F6C46
:1056440002467FB96FF05700BDE8F0814FF4CD7387
:105654000C4A11490A4806F0DCF91049104806F0D2
:10566400D8F9DAE73146284606F044FE28B9294637
:1056740020463B46BDE8F04118476FF08500E3E75C
:10568400B5DD000888FC0008A2DD0008D2DD0008B2
:105694001CD70008C0D60008C2E30008E8050108CA
:1056A40020DF000808B5074A62230749074806F0C7
:1056B400B0F90749074806F0ACF96221014806F041
:1056C4009FF900BF68FD0008A4FD0008B5DD0008CF
:1056D4002EFF000820DF000837B543680D469B699C
:1056E4001B689847044630B1012100902B46034AB9
:1056F400034806F03FFC204603B030BD3EFF0008DF
:10570400C8D7000837B543680D469B695B6898475E
:10571400044630B1012100902B46034A034806F0A9
:1057240029FC204603B030BD61FF0008C8D700083B
:105734002DE9F04F0446904699B09A4643684822B2
:10574400894606A80021DF6907F00EFC4146204681
:1057540003AAFFF7C1FFC0B9DFF86CB1039E73065B
:1057640013D0C6F3052606EBC60109EBC10189B2C5
:1057740004AA08232046019106F0EFFD0199024690
:1057840030B15249524806F0FCFD19B0BDE8F08F23
:105794009DF81630C3F303008DF81C009DF8130028
:1057A40003F00F02850642BF9DF81D5045F0020527
:1057B4008DF81D509D0642BF9DF81D5045F004050F
:1057C4008DF81D50DB0642BF9DF81D3043F00803E1
:1057D4008DF81D30050648BF9DF81D309DF8175003
:1057E40044BF43F010038DF81D30400605F07F05DB
:1057F4001FD5049BC3F31C0306939DF81D3043F08F
:1058040001038DF81D301BF80230402B56D89DF84B
:105814001D20920713D493B10333083108AA2046FC
:1058240003F4FE7389B206F098FD024638B12949A3
:10583400A8E7BDF81230C3F38A030693E3E79DF8A3
:105844001D3013F0010F4FEAC50328D0BA7BAA42DA
:105854000BD8214940F21533204A214806F0D9F8E3
:1058640040F215311D4806F0CBF8BA6852F83550AD
:1058740013445A6815B1204606A9A8473246514632
:105884002046FFF73FFF00287FF47FAF41462046C4
:1058940003AAFFF721FF00283FF460AF75E77A7B86
:1058A400AA4209D80F4940F21A330C4A0C4806F0B0
:1058B400B0F840F21A31D5E77A68D7E701210A4AED
:1058C400034806F05CFDD9E79719010885FF000835
:1058D400C8D70008ACFF0008FBFF0008D1FF000890
:1058E400B5DD0008130001082B0001082DE9F34180
:1058F400054606694FF0FF3210364FF0FF3330464D
:1059040006F044FD1821284601AAFFF7E5FE0446E7
:1059140048BB019A182122F0100228460192FFF791
:10592400F1FE0446F8B902F05DFA1821074601AA0F
:105934002846FFF7D1FE0446A8B9DFF84C80019B46
:105944001B0710D502F04EFAC01B404512D9019A2C
:10595400182142F0100228460192FFF7D3FE041EDC
:1059640008BF6FF00A04304606F012FD204602B06C
:10597400BDE8F0811821284601AAFFF7ADFE0028F2
:10598400DDD00446EFE700BF00366E0170B5046950
:10599400054623790E462BBB10344FF0FF324FF0EF
:1059A400FF33204606F0F2FCF3883288013B013ACB
:1059B40003F07F0343EA4263B2883189013A120259
:1059C40002F47F421343094A013902EA014228469C
:1059D4001C211A43FFF796FE0546204606F0D8FC24
:1059E400284670BD6FF00F05FAE700BF0000FF0105
:1059F4002DE9F74FD0F81080054698F80430D0F818
:105A040004A0002B40F08380DAF8000018B3836808
:105A1400404AD8F8001093420FD23F4A93420CD325
:105A24001B6898470446B0B13C4902463C4806F01E
:105A3400A8FC204603B0BDE8F08F4F23394A3A4909
:105A44003A4805F0E6FF3A493A4805F0E2FF4F21AB
:105A5400344805F0D5FF2E694FF0FF3210364FF071
:105A6400FF33304606F092FC1821284601AAFFF7BE
:105A740033FE0446C8B9019A182122F001022846CF
:105A84000192FFF73FFE044678B907F043FA01AAF2
:105A94000746894628461821FFF71EFE044620B90A
:105AA40040F2E93B019BDB0716D4304606F070FC5C
:105AB4004CB31B482246204906F063FCDAF8000088
:105AC4000028B6D08368134A93421AD2124A9342EA
:105AD40017D35B689847ACE707F01CFAC01B61EB6F
:105AE4000901584571F1000108DA1821284601AA74
:105AF400FFF7F2FD0028D5D00446D6E76FF00A047C
:105B0400D3E7FFF7CFFD012388F8043091E76FF066
:105B140077048EE76CD700086CD700083C000108B6
:105B2400C8D7000868FD0008A4FD0008B5DD00081A
:105B34002EFF000820DF0008660001082DE9F3416C
:105B4400072980460D4606690AD929480A46294983
:105B540006F017FC6FF08504204602B0BDE8F08122
:105B64003379002B41D106F110074FF0FF324FF08B
:105B7400FF33384606F00AFC6A4618214046FFF710
:105B8400ABFD044668BB1021404601AAFFF7A4FD03
:105B9400044630BBE80748BF019B009A45BF43F069
:105BA400100342F0800222F080020193A9074CBF47
:105BB40042F0200222F020026B074CBF42F44072F4
:105BC40022F44072182140460092FFF79BFD0446E0
:105BD40038B910214046019AFFF794FD044600B9F4
:105BE4003560384606F0D4FBB6E76FF00F04B3E730
:105BF400C8D700088900010837B504465021456814
:105C040001AAFFF769FD18B9019A12F0990201D1AE
:105C140003B030BD50212046FFF774FD0028F7D1B2
:105C2400019BD80705D5A823A4222046E98EFFF7B7
:105C34007FFD019BD90605D5B823B4222046298FC0
:105C4400FFF776FD019B1A0704D50121074A08488E
:105C540006F095FB019B1B0604D50121054A044867
:105C640006F08DFB5021204601AACAE7A2000108D4
:105C7400C8D70008B80001082DE9F04F89B05021B9
:105C840004AA04460769FFF727FD002840F0908026
:105C94006C4E049A324000F08B8050212046FFF76E
:105CA40031FD002840F08480049B13F0607F36D0DF
:105CB400D4F8108063682046D8E902AB05AA0DF138
:105CC4000F01D3F81C9006F002FC40BB9DF80F5066
:105CD400BAF1000F04D05B4629462046059AD04706
:105CE400032D1CD14FF0FF32D4212046FFF70AFDCB
:105CF4000546A0B9824608F1240899F80C309D4263
:105D040059D31821204606AAFFF7E6FC38B9069AAB
:105D1400182122F0010220460692FFF7F3FC049BAF
:105D2400DD0421D5D4F80480D4F810A0D8F81C9050
:105D3400F421204605AAFFF7CFFCA8B9059DA806C3
:105D440012D0B8F83C10C5F3042501EBC50106AA2E
:105D54000823204689B206F000FB0246002841D001
:105D640039493A4806F00DFB049B190408D5012172
:105D7400374A364806F003FB07F1240002F0B4FE6C
:105D8400049B9A0004D50121324A304806F0F7FA00
:105D9400049B9B0304D501212F4A2C4806F0EFFAFB
:105DA4005021204604AAFFF797FC00283FF471AF66
:105DB40009B0BDE8F08FD9F80030EA0053F835B0E7
:105DC400BBF1000F0CD043F835A0D9F800306FF0C8
:105DD4007101134420465A68D847404602F084FEB5
:105DE40001358AE72A46F82120469DF81FB0FFF7BF
:105DF40089FC05460028B7D199F80C309B450BD394
:105E0400164917484FF41173164A05F002FE4FF471
:105E14001171144805F0F4FDD9F8001001EBCB0220
:105E240051F83B3052680193009241F83B000AF16B
:105E3400240002F059FE29462046009A019B984707
:105E440076E700BF0090823BCE000108C8D7000867
:105E5400090101081E01010839010108F4000108C3
:105E6400B5DD0008D1FF00082DE9F04F14460A798A
:105E74000F460F2A114628BF0F21D0F804A006466A
:105E84000569844889B010F801800021CDE9061124
:105E94007979DAF81C908801C1F3400C00F04000D5
:105EA40040EA4C108DF81B0002F00F00C1F3C00C47
:105EB40060F07F0040EA0C10C1F3800C40EA4C1003
:105EC4000F298DF81E000AD973480A46734906F053
:105ED40058FA6FF0850B584609B0BDE8F08F286872
:105EE400400709D411F00C0F00F0CA8001216C4A5C
:105EF400694806F044FAECE7B8F1400F0AD94023A8
:105F040001210093674A4346634806F033F86FF073
:105F1400150BE0E7490740F1B7800F2A04D962491D
:105F24005D4806F02EFAF2E72A790293002A00F07F
:105F34009E804421304605AAFFF7CEFB8346002805
:105F4400C9D1059A100600F1958005F12403039345
:105F54002246029B05F1240002F026FE0446002896
:105F640040F08B8034354FF0FF334FF0FF3228463A
:105F740006F00CFA99F80C30A3420BDC4B494C4860
:105F840040F205434B4A05F044FD40F205414948BF
:105F940005F036FDD9F8002052F834200AB1013456
:105FA400EAE7A342EAD97B793A68D9074BBF069B53
:105FB400BDF81A3062F31C0362F38C034CBF0693E2
:105FC400ADF81A3004EBC403BAF83E10DB009BB200
:105FD400194402933046082306AA89B28DF81F405B
:105FE40006F0C2F9834658B1024633492A4806F0FE
:105FF400C8F9284606F0CCF9039802F075FD6AE763
:106004007B799B0716D4B8F1000F13D0BAF83E2061
:1060140002990832114408F10303304603F4FE7375
:1060240007F1080289B206F09FF9834610B12349AB
:106034000246DBE7D9F80030129AD02143F8342025
:10604400D9F80030E2001344139A30465A60012212
:10605400A240FFF757FB834628B10021D9F800304E
:1060640043F83410C5E7284606F092F933E76FF099
:10607400720B30E76FF0710B2DE76FF00A0B2AE714
:10608400B8F1400F3FF63BAF082A7FF64DAF0C49FD
:1060940046E700BF97190108C8D700085401010852
:1060A40077010108A2010108D201010816020108C2
:1060B400B5DD0008D1FF00082C02010856020108D2
:1060C400F40101082DE9F3470024884619685B6848
:1060D40091462C4AD0F804A00669C3F30A0302EAE5
:1060E400014243F000431343DAF81C701036019365
:1060F40005464FF0FF334FF0FF32304606F046F9C5
:106104007B7BA3420ADC02211F4A204806F037F9B0
:10611400304606F03DF96FF01B052FE07A6852F81F
:10612400342072B10134ECE77B68304643F83480A4
:106134007B68254603EBC403C3F8049006F028F9F2
:106144001CE001229DF80730284662F3C5038DF850
:1061540007300423BAF832100DEB030201EB84017B
:1061640089B206F001F905460028DDD007482A4621
:10617400074906F006F9304606F00AF9284602B047
:10618400BDE8F0870000FF07AA020108C8D700088D
:106194007E0201082DE9F74F1C7A0546012C88463A
:1061A40091469C460AD93C4922463C4806F0E9F807
:1061B4006FF08505284603B0BDE8F08F002C42D06F
:1061C4000024CDF80340009BDCF800208DF8074044
:1061D40062F31C030093DCF80430019AD0F804B095
:1061E400066923F0604302F0005243F00043134376
:1061F400DBF81C70103601934FF0FF324FF0FF3381
:10620400304606F0C3F8BB7B9C420ADB0221244AD9
:10621400224806F0B4F8304606F0BAF86FF01B05D1
:10622400C8E7BA6852F8342092B10134ECE7BB688D
:10623400304643F83480BB6825465344C3F8049081
:1062440006F0A6F824E003B0BDE8F04FFFF73ABF2C
:1062540001229DF80330BBF8341062F3471301EBBD
:10626400C40128468DF803306A46082389B206F033
:106274007BF84FEAC40A05460028D8D009492A46C3
:10628400064806F07EF8304606F082F8002D91DBD1
:106294007B7B1D448EE700BFCA020108C8D70008F3
:1062A400EE0201087E0201082DE9F041D0F80480D5
:1062B4000C1E0646D8F81C5004DB6B7BAA7B1344E7
:1062C400A34206DC22492246BDE8F041214806F0FB
:1062D40058B807694FF0FF3210374FF0FF33384694
:1062E40006F054F86B7B00229C421BDBA968E31A7E
:1062F40041F83320A968304601EBC3014A60B8F87D
:106304003410082201EBC30189B206F034F80246C6
:1063140018B111490F4806F034F83846BDE8F04189
:1063240006F036B86B68304643F834206B6803EBEC
:10633400C4035A60B8F83210042201EB840189B214
:1063440006F019F802460028E7D00449E2E700BF46
:106354000E030108C8D700082903010855030108E2
:106364002DE9F047056944682B790646E769002B57
:1063740051D04FF47A72002306F00CF848B1012191
:10638400264A274805F0FBFF6FF004042046BDE8C9
:10639400F087206890B18368224A93420CD2224A43
:1063A400934209D35B689847044638B11F490246B3
:1063B4001B4805F0E6FFE9E7FFF774F90024A2465D
:1063C400304606F0BCF805F124092C713B7B9C4255
:1063D4000CD310354FF0FF324FF0FF33284605F051
:1063E400D5FF284605F0D4FF0024CFE73B68E20040
:1063F40053F83480B8F1000F0BD043F834A03B6855
:106404006FF07201134430465A68C047484602F0A0
:106414006BFB0134DAE76FF07704B7E78103010817
:10642400C8D700086CD700086CD700089B03010884
:10643400F0B589B0002300AF4568C7E90233C7E966
:1064440005333B82BB83AB6904461A68E96900697A
:106454005AB9A04940F281539F4AA04805F0D9FA9D
:1064640040F281519C4805F0CBFA5A684AB99C49DC
:1064740040F28253984A994805F0CBFA40F282518F
:10648400F0E79A684AB9974940F28353924A93488D
:1064940005F0BFFA40F28351E4E7DA684AB9924959
:1064A40040F284538C4A8D4805F0B3FA40F284518B
:1064B400D8E71B694BB98D4940F28553864A874812
:1064C40005F0A7FA40F28551CCE749B9884940F272
:1064D4008653814A814805F09CFA40F28651C1E70F
:1064E4000A7BEB8D934209D282494FF4B1637A4A15
:1064F4007A4805F08EFA4FF4B161B3E74E7B6B8CAA
:106504009E4209D97C4940F28953734A734805F085
:1065140080FA40F28951A5E7897BAB8C994209D96D
:10652400764940F28A536C4A6C4805F072FA40F29C
:106534008A5197E71146243006F05AFC2868F0B1D6
:1065440006F02DFCD8B92B68BBB11B686C4688B02B
:106554006A466B49CDE905134FF40073ADF81C305E
:10656400684B42F8103F00234FF4E2516648FCF7B1
:1065740067FFA5466FF012000CE0644BE6E7204687
:10658400FFF7B4F948B1624A5F48012105F0F7FE0C
:106594006FF004002437BD46F0BD4FF47A72002337
:1065A400204605F0F7FE08B15A4AEDE7204605F00B
:1065B400C6FF182120463A1DFFF78EF80028E9D1BE
:1065C4007A68182122F4697220467A60FFF79AF8F3
:1065D4000028DFD10246786020212046FFF792F898
:1065E4000028D7D1102120463A1DFFF775F800285E
:1065F400D0D17A68102122F0100220467A60FFF789
:1066040081F80028C6D1802120463A1DFFF764F89E
:106614000028BFD17A68802142F02B0220467A609C
:10662400FFF770F80028B5D1EA682B8A204607F1F5
:106634000801FEF755FF163001D1374AA4E76A690D
:106644006B8A204607F11401FEF76AFF163001D168
:10665400324A99E7204607F10801FEF781FF024616
:1066640020B12F49284805F08CFE83E7204607F126
:106674001401FEF7C3FF024608B12A49F2E72A4A89
:10668400542120467A60FFF73DF8002882D19922F0
:10669400582120467A60FFF735F800287FF47AAF56
:1066A40003225C2120467A60FFF72CF800287FF44F
:1066B40071AF4FF0FF32E02120467A60FFF722F8F5
:1066C40000287FF467AF01462A6C204605F053FE8C
:1066D40060E700BFE0030108D1FF0008B5DD000852
:1066E400050401082B040108510401087804010879
:1066F4009F040108C0040108E80401081105010809
:106704003A05010803000001C8D700088BEA000815
:10671400C6030108810301084E050108700501083C
:106724009C050108BA0501089990820310B50B462F
:1067340011464268526C506884070ED01D4940F2DD
:10674400C1531D4A1D4805F064F91D4805F061F95F
:1067540040F2C151184805F053F99A070CD0194971
:1067640040F2C253144A154805F053F9164805F08F
:1067740050F940F2C251EDE711F003040AD1184474
:10678400034621F0030202449A4210D1BDE81040AE
:10679400FEF7E6BA0D4940F2C353074A074805F02D
:1067A40038F90B4805F035F940F2C351D2E743F804
:1067B400044BE9E716060108EC050108B5DD0008FD
:1067C400260601084506010857060108780601084F
:1067D4008706010870B50C46194643685B6C586817
:1067E40083070ED0264940F29E53264A264805F0D8
:1067F40010F9264805F00DF940F29E51214805F0A4
:10680400FFF8A6070CD0224940F29F531D4A1E48A8
:1068140005F0FFF81F4805F0FCF840F29F51EDE742
:1068240095070CD01C494FF4B463164A164805F07A
:10683400F0F81A4805F0EDF84FF4B461DEE78B0781
:106844000CD1204421F003031344851A934202EB34
:10685400050410D1BDE87040FEF782BA104940F239
:10686400A153084A084805F0D4F80E4805F0D1F8B9
:1068740040F2A151C2E752F8046B2660E6E700BF7C
:1068840016060108EC050108B5DD00082606010816
:106894004506010857060108A5060108C3060108B4
:1068A400780601088706010870B51D46436814463A
:1068B4005B6C5E68B3070ED0274940F27553274AD4
:1068C400274805F0A6F8274805F0A3F840F27551CB
:1068D400224805F095F888070CD0234940F27653F6
:1068E4001E4A1F4805F095F8204805F092F840F23A
:1068F4007651EDE7A2070CD01D4940F27753174AB1
:10690400174805F086F81B4805F083F840F27751E4
:10691400DEE7AB070CD018494FF4AF630F4A1048B9
:1069240005F077F8154805F074F84FF4AF61CFE738
:106934000E4429463046FEF75FFA38B925F00305C0
:106944002544361BA54204EB060300D170BD1B6829
:1069540044F8043BF6E700BF16060108EC050108FD
:10696400B5DD00082606010845060108570601089A
:10697400E0060108FE0601087806010887060108FA
:10698400D02808B546D02FD8A82845D011D88428B7
:1069940019D0A0F188039BB21C2B09D801222849E5
:1069A4009A400A420FD1082B38D01C2B08BF9020E4
:1069B40008BDB82834D010D8B42833D0F8D8AC28BF
:1069C40001D0B028F4D11F491F48CE231F4A05F037
:1069D40020F8CE211D4805F013F8CC2824D0E7D8A0
:1069E400BC28F0D0C828EDE7E0281FD007D8D82865
:1069F4001ED0DC281ED0D42808BFD020D8E7F42825
:106A04001AD003D8E42819D0F028DBE7F82808BF07
:106A1400E820CDE7CC20CBE79420C9E78420C7E762
:106A24009C20C5E79820C3E7C820C1E7DC20BFE766
:106A3400D420BDE7D820BBE7E420B9E7E020B7E7DE
:106A440001001101990C0108B5DD00081B070108BC
:106A5400034612480A4610B58168114CA14207D278
:106A6400104CA14204D3CC6894B96FF0570010BD08
:106A74004FF48C730C4A0D490D4804F0CAFF0D49BC
:106A84000D4804F0C6FF4FF48C71074804F0B8FFBA
:106A940019462346BDE81040184700BF10D100082E
:106AA4006CD7000850D70008C8EC000802ED0008B5
:106AB400B5DD00087EEE000820DF00082DE9F3476D
:106AC400436806465D6C0021686901AA05F0E4FE8E
:106AD400041E07DB019B00221979186805F0EEFEFD
:106AE400041E09DA2346484A0121484805F038FAC9
:106AF400204602B0BDE8F08773684548D3F8448067
:106B04008768D8F80830DFF80CA1012BDFF808916A
:106B140028D9D8F80C10574501F1080106D24F4581
:106B240004D3BB6993B96FF0570413E04FF4AC730B
:106B34003A4A3B493B4804F06CFF3B493B4804F06C
:106B440068FF4FF4AC71354804F05AFF00229847AF
:106B5400041E07DA0121364A2C4805F0F8F9354AB3
:106B64002346C1E75745D8F80C1006D24F4504D345
:106B74003B6873B96FF05704F1E7B623274A2849F5
:106B8400284804F046FF2849284804F042FFB6216B
:106B9400D9E71F489847041EE1DB98F818303BB149
:106BA400304605F0CCFC98F81830234A5B08136093
:106BB400304605F0C4FC8021304601AAFEF78CFD66
:106BC4000446002894D1019A802142F0016242F4E3
:106BD400402230460192FEF795FD0446002887D1F5
:106BE4004FF08072C0213046FEF78CFD0446002829
:106BF4007FF47EAF3046FFF71BFC044600287FF489
:106C040077AF2B69984773E74C070108D0D7000882
:106C140010D100086CD7000850D70008C8EC000851
:106C240002ED0008B5DD00087EEE000820DF000854
:106C34006A0701089407010800A5004013B54368DA
:106C44000C465B6C01A9D3E90230012B0DD9083045
:106C5400FFF7FEFE00280EDA0D4A0E48012105F06A
:106C640076F96FF0040002B010BDFFF7F1FE0028C2
:106C740001DA094AF1E7094A019B116811B90020B8
:106C84002360F0E712685200B3FBF2F3F7E700BFAA
:106C9400B5070108D0D70008E107010800A50040A6
:106CA40010B5304B18680B88C3F30B03132B33D880
:106CB4000D2B05D8042B1DD88BB96FF085000DE082
:106CC4000F3B032B14D8DFE803F0021313402648CC
:106CD40010600B68B3F5805F3CD2002010BD023B0E
:106CE400022B05D8DFE803F0332E02001F48EFE73C
:106CF4001F48EDE703F6F974C4F30B04062CDCD843
:106D040001249C4014F4545FE2D114F4206F17D191
:106D1400072BD2D11748DBE7882BD9D003F674733D
:106D2400C3F30B031C2BC8D8012404FA03F303F0A8
:106D3400013424F48034002CCAD10F4C2342BCD03B
:106D44004008C5E74FF4FA40C2E70C48C0E74FF4E7
:106D54000040BDE7C3F313330133B0FBF3F010601D
:106D6400BBE700BFA8000020000E270700127A002E
:106D7400001C4E0E006CDC02000011100068890932
:106D840010B58D4CE369236A8C4B1A6942F03002CA
:106D94001A615A691207FCD5894801F033F823684F
:106DA40043F480232360236843F480332360824CBC
:106DB40023689B03FCD5FBF7BFFED4F8F03023F027
:106DC400180343F01003C4F8F030D4F8F03043F063
:106DD4000103C4F8F030784CD4F8F0309807FBD5B0
:106DE400FBF7FEFED4F8F03043F08063C4F8F030D3
:106DF400D4F8F0301901FBD5236843F480532360A1
:106E04006D4B1A689204FCD5DA6902F01802182A4C
:106E140017D11A68940707D41A6842F001021A605D
:106E2400654A13689807FCD5634BDA6922F00302BC
:106E3400DA61DA6912F0180FFBD11A6A22F00F0234
:106E44001A625D4B1A6822F080721A609A6A42F0E4
:106E540003029A629A6A22F47C5242F400729A62A1
:106E64009A6A22F00C0242F004029A629A6A22F0B0
:106E740020029A625A6B6FF3080242F077025A6357
:106E84009A6A22F010029A625A6B22F47E4242F409
:106E940000725A639A6A42F480329A625A6B22F4FC
:106EA400FE0242F440325A639A6A42F400329A6211
:106EB4005A6B22F0FE4242F080725A639A6A42F49C
:106EC40080229A621A6842F080721A601A689101EC
:106ED400FCD51A6822F080621A60DA6A42F0030272
:106EE400DA62DA6A22F47C5242F40072DA62DA6A12
:106EF40022F00C0242F00402DA62DA6A22F0200282
:106F0400DA62DA6B6FF3080242F07702DA63DA6A64
:106F140022F01002DA62DA6B22F47E4242F400724A
:106F2400DA63DA6A42F48032DA62DA6B22F4FE025D
:106F340042F40032DA63DA6A42F40032DA62DA6B7B
:106F440022F0FE4242F08072DA63DA6A42F480226E
:106F5400DA621A6842F080621A60174B1A681201EA
:106F6400FCD51A6B22F003021A631A6A22F00F028C
:106F74001A621A6A22F0700242F040021A621A6A15
:106F840022F4E0621A621A6A22F4E04242F4804275
:106F94001A62DA6942F00302DA61074BDA6902F035
:106FA4001802182AFAD1DA69002022F40042DA61C0
:106FB400044B034A1A6010BD000C0244000802444A
:106FC400001C4E0EA800002001460D480D4A83689F
:106FD40010B5934206D20C4A934203D3BDE8104045
:106FE4005B681847B823094A09490A4804F011FDA7
:106FF40009490A4804F00DFDB821044804F000FDD5
:107004007CD20008B8D700086CD7000863DD0008FC
:10701400E3DD0008B5DD0008D5F2000820DF000834
:1070240008B5074805F0BBFE38B10648FDF7E2FC99
:107034000448FBF723FA002008BD6FF01200FBE7B9
:107044007CD20008AFC7000838B561B92149642370
:10705400214A224804F0DDFC214804F0DAFC6421D2
:107064001D4804F0CDFC4B6853B91E4965231A4AE8
:107074001A4804F0CEFC1C4804F0CBFC6521EFE771
:107084000369986800B30024884219D108688CB950
:10709400DC689860A14200D1D860002008602AB161
:1070A4009A680A60DA68996002B9D96000200FE032
:1070B4002846E9E72060D868814208BFDC60ECE735
:1070C40005680446002DF3D1002AE9D16FF01500BC
:1070D40038BD00BF6F08010833080108B5DD00089A
:1070E4007808010887080108990801082DE9F84380
:1070F400D0F8049090460746D9F808000D461E467D
:1071040005F0E0F8B8F5001F044616D12846D9F872
:107114000840FDF7F9FD84420CD1294605F0D2F868
:107124000446FDF785FD2046FDF7E0FD00212046DD
:10713400FDF788FD0020BDE8F883B8F5800F20D066
:10714400B6F1806F19D0B6F1C06F18D0B6F1007FD8
:107154001AD102263A4620460E49FDF7ABFDB0B9D6
:107164002846D9F8081005F0B2F820463146FDF754
:1071740069FD2046FDF734FDDCE70126EAE7032636
:10718400E8E76FF08500D6E76FF01500D3E76FF0FE
:107194000F00D0E79D71000870B50B690E46996821
:1071A400054609B10C6801B970BD8A682A4010D03F
:1071B4004B6863B90A4989230A4A0B4804F029FC3D
:1071C4000A4804F026FC8921064804F019FC3046DC
:1071D40098471CB1236821461C46E4E72346FAE796
:1071E400B008010833080108B5DD00089908010852
:1071F40043681B6803F1080252E8002F42F00102C1
:1072040003F1080040E800210029F3D1304A9342F9
:1072140050D002F1805293424CD02E4A934249D02E
:1072240002F18052934245D02B4A934242D002F15C
:10723400805293423ED0294A93423BD002F180527D
:10724400934237D0264A934234D0B3F1502F31D0F1
:1072540002F5A05293422DD002F18052934229D0DC
:10726400204A934226D002F18052934222D01E4AF1
:1072740093421FD002F1805293421BD01B4A934287
:1072840018D002F18052934214D0194A934211D07B
:1072940002F1805293420DD0164A93420AD002F171
:1072A4008052934206D0144A934203D002F1805292
:1072B400934203D15A6842F040025A6053E8002FC7
:1072C40042F4807243E800210029F7D1704700BFDF
:1072D400003801400044004000480040004C004099
:1072E4000050004000780040007C004000800040D6
:1072F40000680040006C00400084004043681B6844
:1073040003F1080252E8002F22F0010203F1080001
:1073140040E800210029F3D1304A934250D002F1D1
:10732400805293424CD02E4A934249D002F180526B
:10733400934245D02B4A934242D002F18052934269
:107344003ED0294A93423BD002F18052934237D037
:10735400264A934234D0B3F1502F31D002F5A052D3
:1073640093422DD002F18052934229D0204A934275
:1073740026D002F18052934222D01E4A93421FD05B
:1073840002F1805293421BD01B4A934218D002F15F
:107394008052934214D0194A934211D002F1805280
:1073A40093420DD0164A93420AD002F1805293427E
:1073B40006D0144A934203D002F18052934203D17F
:1073C4005A6822F040025A6053E8002F22F4807277
:1073D40043E800210029F7D1704700BF003801407D
:1073E4000044004000480040004C00400050004071
:1073F40000780040007C00400080004000680040AD
:10740400006C0040008400400129034608461AD05D
:1074140002290BD0C9B91B680D4A934217D002F157
:1074240080529B1A18BF0123180370471868084B31
:1074340098420AD003F1805398420CBF4FF4005095
:107444004FF440507047002070474FF4005070478D
:107454000024004438B51D46094B6C0833F812204B
:107464000023F8F7EDFE090241EA1061000220183A
:107474002A464FF0000341F10001F8F7E1FE38BD60
:10748400E0DB00082DE9F04782B0436880460D46F2
:107494001C6800AF002967D05868196970B9624840
:1074A4004FF48C73614A624904F0B3FA614804F002
:1074B400B0FA4FF48C715D4804F0A2FA83685E4A16
:1074C400934207D25D4A934204D3DB6873B96FF0E9
:1074D40057060FE04FF48C73544A5949524804F04C
:1074E40098FA5849584804F094FAE2E73A1D984744
:1074F400061E09DA0121554A554804F028FD304694
:107504000837BD46BDE8F087524B9C4203D003F1D7
:1075140080539C423ED10026D7F80490DFF838A16E
:107524002B4648460021B2B2FFF794FFA0F5407005
:1075340050454CD90136102EF2D16C468AB0D8F899
:1075440000306A4645490795CDE905134FF40073A9
:10755400ADF82030424B42F8103F00234FF4115154
:107564003B48FBF76DFFA5466FF01506C7E7E268D9
:107574003C4B9A4201D80026C1E73B4940F2211313
:107584003A4A294804F045FA394804F042FA40F2EC
:10759400211147E0236823F4004323607B6803EB55
:1075A4005503B3FBF5F30F2BC7D99BB2E360E36834
:1075B4000F2BE0D82F4940F23D132C4A1A4804F00F
:1075C40028FA2D4804F025FA40F23D112AE0E36A36
:1075D400484623F00F033343E362284B33F8162065
:1075E40000231946F8F72CFE0023064619464FF4EB
:1075F400807C68082A46E6FB0C01F8F721FEC0F3FC
:107604001300E060E368B3F5407FB0D21C494FF447
:107614008F73164A044804F0FCF91A4804F0F9F987
:107624004FF48F71114847E7B5DD0008C8EC000836
:10763400A2DD0008D2DD00086CD7000850D700088E
:1076440002ED00087EEE000820DF0008CD080108E6
:1076540098D8000800240044FFFC0F00A809010882
:1076640004000001FEFF0F0067090108FB08010880
:1076740091090108BF090108E1090108E0DB0008DC
:107684002A090108500901082DE9F84307460E7933
:1076940040683B69012E0D460468D3F8008015D07C
:1076A400B31ED3F1000949EB03094FEA892969792B
:1076B400FFF7AAFEAA790346022A0AD0042A02D0B6
:1076C400002E00F0A2804FF4805006E04FF4C06911
:1076D400EDE7002E00F096800020A6F1030CBCF12B
:1076E400010F04D86FF085031846BDE8F8830EB186
:1076F400042AF7D0B3F5805F00F08980B3F5405FCA
:1077040000F08780002B0CBF012303239942E9D1A9
:10771400494605F027F98242E4D1EB79002B5CD08D
:10772400012B78D13D4B9C4257D003F180539C42AE
:1077340053D03B4B9C4250D003F180539C424CD0DD
:10774400384B9C4249D003F180539C4245D0364B80
:107754009C4242D003F180539C423ED0334B9C4226
:107764003BD0B4F1502F38D003F5A0539C4234D011
:1077740003F180539C4230D02D4B9C422DD003F119
:1077840080539C4229D02B4B9C4226D003F180533A
:107794009C4222D0284B9C421FD003F180539C4230
:1077A4001BD0264B9C4218D003F180539C4214D02A
:1077B400234B9C4211D003F180539C420DD0214BAA
:1077C4009C420AD003F180539C4206D01E4B9C423B
:1077D40003D003F180539C4284D12368294623F0CB
:1077E40001032360384605F034FA034600287FF489
:1077F40079AF226842F00102226095E8030088E82C
:10780400030071E74FF0805074E7304672E70023BD
:107814007CE702237AE7032B84D063E70038014036
:107824000044004000480040004C0040005000402C
:1078340000780040007C0040008000400068004068
:10784400006C004000840040002400442DE9F04313
:1078540083B0D0F804908046D9F80400D9F8101009
:1078640000AF60B99648B623964A974904F0D1F818
:10787400964804F0CEF8B621924804F0C1F8836823
:10788400934A93420ED2934A93420BD31B68A3B9F3
:107894006FF057050121904A904804F058FB002DE1
:1078A40017DB0EE0B623874A8D49854804F0B1F80A
:1078B4008C498D4804F0ADF8DDE79847054600286B
:1078C400E8D10021D9F824003A1D04F0E5FF051E93
:1078D40004DA28460C37BD46BDE8F0837B680022F5
:1078E4001979186804F0EAFF051EF2DBD8F8046081
:1078F400D8F8103034681D68236823F0010323602E
:10790400B06805F04CFA38B90121784A734804F09C
:107914001EFB6FF01205DCE7D6E9020168B968487E
:1079240040F26713724A684904F073F8674804F038
:1079340070F840F267116E489FE783686D4A93427E
:1079440015D26D4A934212D3DB68E3B954E8003F81
:1079540043F00C0344E80032002AF7D1294640469C
:1079640005F077F9054680B16FF01505B1E740F2EF
:1079740067135F4A6149524804F04BF860495A481A
:1079840004F047F8D5E79847E0E7337E1BB1A368D6
:1079940043F00803A360737E1BB1636843F40043A0
:1079A4006360B37E1BB1636843F480336360F37E2A
:1079B4001BB1636843F400336360337F002B00F032
:1079C400D880504B9C4200F0B98003F180539C4214
:1079D40000F0B4804C4B9C4200F0B08003F1805323
:1079E4009C4200F0AB80494B9C4200F0A78003F11D
:1079F40080539C4200F0A280454B9C4200F09E8044
:107A040003F180539C4200F09980424B9C4200F069
:107A14009580B4F1502F00F0918003F5A0539C425F
:107A240000F08C8003F180539C4200F087803A4B35
:107A34009C4200F0838003F180539C427ED0374BFC
:107A44009C427BD003F180539C4277D0344B9C42C0
:107A540074D003F180539C4270D0324B9C426DD061
:107A640003F180539C4269D02F4B9C4266D003F1B2
:107A740080539C4262D02D4B9C425FD003F18053D3
:107A84009C425BD02A4B9C4258D003F180539C42C9
:107A940054D06C4688B06A46D8F800302549CDE900
:107AA40005134FF40073ADF81C30234B42F8103F1C
:107AB40000234FF4E2510948FBF7C2FCA54653E703
:107AC400B5DD0008C8EC0008A2DD0008D2DD00081E
:107AD4006CD7000850D70008F509010898D80008A9
:107AE40002ED00087EEE000820DF0008150A0108F8
:107AF400300A010850D7000840D70008620A01087C
:107B0400A60B010800380140004400400048004032
:107B1400004C00400050004000780040007C0040D1
:107B24000080004000680040006C00400084004079
:107B340000240044AC0B010803000001D8F8043011
:107B44001A68936843F4804393602368727F23F038
:107B5400787343EA425323602368B27F23F4F81313
:107B640043EA02432360F37F1BB1A36843F4004359
:107B7400A36096F820301BB1236843F000532360C0
:107B8400236843F001032360E3699A02FCD5E369A7
:107B94005B02FCD54046D9F82830984799E600BFE7
:107BA4004FF0E0230D4A9969126818699B6900290E
:107BB40008BF1146002B08BF134610F4803F084845
:107BC40001D1994205D20168114401604FF0E021CE
:107BD400096900681044C01A704700BFD817002014
:107BE400D01700201022094B002083F8232045F6EB
:107BF400C052074B1A60074B45F6BF5218604FF04E
:107C0400E0235A61072298611A61704700ED00E091
:107C1400D8170020D0170020684620F007018D46B1
:107C2400F1B503F0D3F80446FFF7BAFF1248134A3C
:107C34000368D2E900515B1941F10001C2E9003146
:107C4400002745F6C0520E4D0760D5E900619B1B25
:107C5400B3FBF2F002FB00F39B1941F10001C5E90B
:107C64000031084B21461F6003F010F8FCF784FB39
:107C7400BDE8F14085467047D01700205810002019
:107C840050100020D4170020F8B5074605F038F945
:107C940070B933494FF4A073324A334803F0B9FE44
:107CA400324803F0B6FE4FF4A0712E4803F0A8FE4C
:107CB400FFF776FF4FF0E0234FF0000E2C499C694C
:107CC400DFF8B0C0D1E90032C3182B4842F10002FA
:107CD400C0F800E0DCE9000C181A284E62EB0C0C2A
:107CE400F445C1E90032356837DB254B1B68DB19E5
:107CF40045F6C057A3FB07324EEB0E0E1B1A40F29B
:107D0400DD5007FB0E2262EB0C02834272F100008D
:107D140023DBB3F1807F72F1000201DB6FF07F435C
:107D24004FF0E0223360013B966953610023936175
:107D3400D2F8043DB44203F0807343F00073C2F8F8
:107D4400043D3ABF6219921BA21BD1E90030D3183B
:107D540040F10000C1E90030F8BD40F2DC53DFE738
:107D64002D0C0108F90B0108B5DD0008430C0108CE
:107D74005810002050100020D0170020D8170020E1
:107D8400D417002010B505F0BBF870B90E4940F2C5
:107D9400E1130E4A0E4803F03CFE0E4803F039FE90
:107DA40040F2E111094803F02BFE0B4B1C680B4B0E
:107DB4001B68E41AFFF7F4FE45F6C0532044B0FBF9
:107DC400F3F0074B186010BD2D0C0108F90B0108E6
:107DD400B5DD0008430C01085810002050100020A5
:107DE400D417002038B502F0F1FF054B05461C6896
:107DF400FFF7D6FE0444284603F012F8204638BDA7
:107E040058100020B8B1384B1A6902F03002302AF9
:107E140013D1364B98425DD9354B98425CD9354BDA
:107E240098425BD9344B98425AD9344B98422ED954
:107E3400334B98423BD9012070471A6902F0300253
:107E4400202A10D12F4B984244D92F4B984243D922
:107E54002E4B984242D92E4B984241D92D4B9842F1
:107E640015D92D4BE5E71B6903F03003102B10D116
:107E74002A4B98422ED92A4B98422DD9294B984205
:107E84002CD9294B98422BD9284B9842D3D8042378
:107E94000EE0274B98421DD9264B98421CD9204B03
:107EA40098421BD9244B98421AD9244BEDE7052359
:107EB40023490A6822F00F021A430A600A6802F092
:107EC4000F0293420ED0086800F00F00C01A18BFCA
:107ED400012070470023EBE70123E9E70223E7E7EA
:107EE4000323E5E7002070470008024480DE800297
:107EF40000BD0105809B8207007A030A8058840C28
:107F040080B2E60E80CC060200990D04806514064A
:107F140000321B0880FE210A00C2EB0B80C3C9019A
:107F240000879303804A5D05000E270780D1F0087F
:107F3400002D3101005A620200B4C40400E1F505C9
:107F44000020024038B5436905463BB90024EA687D
:107F54006042537843F00103537038BD9847044698
:107F64000028F3D000F1FF03FE2B0ED92123094A88
:107F740009490A4803F04DFD29680948224603F0DF
:107F840048FD2121034803F03BFDEB6844421C708B
:107F9400DDE700BF600C0108830C0108B5DD0008B3
:107FA4009B0C010810B50446FBF7EEF803480121C9
:107FB400034A03F0CCFF204604F0FCFE58D8000826
:107FC400C00C01082DE9F84304460D4600AFEFF359
:107FD4001188102383F31288BFF36F8F0428324A69
:107FE40098BF324BE9468AB09668117C98BF53F823
:107FF40020306A4688BF2E4BCDE9073140F2013369
:108004002C48ADF824302C4BCDE9050442F8103F40
:1080140000234FF431512948FBF712FACD4645B1FC
:10802400EB69C3F3080323B10121254A234803F074
:108034008EFF2EB1304604F012FF08B1037803B965
:108044002048E9468AB06A461F4B0790CDE90536B9
:1080540040F20133ADF820301C4B42F8103F0023AE
:108064004FF411511548FBF7EBF92946CD4620464C
:10807400FFF798FF042C0CD115499B23154A164889
:1080840003F0C7FC154803F0C4FC9B21114803F01E
:10809400B7FC88F31188BFF36F8F3046FCF77CF987
:1080A400BD46BDE8F88300BFDC170020A8DB00084C
:1080B400D00C0108E60C01080500000158D800089E
:1080C4000E0D0108DE0C01082F0D0108040000014B
:1080D400690D0108470D0108B5DD0008860D01088A
:1080E40038B50A4B53F82040013053F82050A542CC
:1080F40000D838BD606830B1037EDB0701D4FFF7D8
:1081040021FF0834F3E723689847FAE7BCDB00084B
:10811400012270B5404B414C414D86B01A70AC42BF
:1081240012D9404940F22B133F4A404803F071FCF6
:108134003F4803F06EFC40F22B113B4803F060FC17
:1081440054F8043B9847EAE7FAD30320FFF7C8FF43
:108154000420FFF7C5FF374C374DAC42264626D9DD
:1081640036494323304A314803F053FC304803F086
:1081740050FC4321E1E754F80C3C059354F8103CBF
:10818400049354F8143C039354F8183C029354F8A1
:108194001C3C019354F8203C009354E90A2354E90D
:1081A4000C0101F09BF854F8303C5E65D5E7AE4213
:1081B40004F13004DFD302F0DFF81E4CAC421FD9C7
:1081C4001E496723184A194803F023FC184803F092
:1081D40020FC6721B1E7D4E90A23B3F1FF3F08BFCC
:1081E400B2F1FF3F05D052EA0301206803D101F048
:1081F400EBF83034E2E71249183002F09DFBF8E75F
:10820400E9D302F027F9F8F79BF90E4A938923F092
:108214000103938106B070BD3A180020BCD6000853
:10822400C0D60008260E0108050E0108B5DD0008B9
:1082340033F00008C0D60008C0D60008520E01086A
:10824400F59D0008E01000200023012270B586B0DF
:10825400CDE904230F220193CDE9023214234FF414
:10826400A0720E4D0E4E03FB00550E4906EBC016D0
:10827400044602FB00110C4B3046009501F02EF829
:10828400337C2C7423F004033374084B013403EB64
:10829400C423EE606B6006B070BD00BFDC17002025
:1082A40060100020403C0020FD8300084034002082
:1082B4007FB50020FFF714FF3E4B03F5006282F305
:1082C400088883F30A88F0233B4C84F82230002387
:1082D400E37723766376A37684F82030636A43F4E5
:1082E400E0236362FBF756FFFCF740F84FF0FF33DF
:1082F400A362E362FCF768FAFCF7B8F8FAF778FED1
:108304002E4801F055F82E4B2E4A93420ED92E4991
:10831400C7232E4A2E4803F07CFB2E4803F079FB3A
:10832400C7212A4803F06CFB1C33EEE7FCD3FAF7B1
:10833400C3FC294C294DAC4210D9294940F23723BA
:10834400224A234803F065FB224803F062FB40F213
:108354003721E6E754F8043B9847ECE7FAD30120C9
:10836400FFF7BEFE02201F4CFFF7BAFE01F0FCFF30
:108374001D4B00255C611D4B4FF4006205930123E6
:108384001B49CDE9035320461A4BCDE9015500950D
:1083940000F0A4FF0646237C204623F00403237444
:1083A40001F0AEFA2846FFF74FFF31462046114A46
:1083B400FBF7BCFF4034002000ED00E0601100201A
:1083C40010D10008B4D200087F0E0108050E010880
:1083D400B5DD000833F00008BCD60008BCD60008A0
:1083E400970E0108E0100020DC17002055EF00086C
:1083F400803D00201581000810B50D4B9B6893F952
:108404000E30002B09DB1024EFF3118384F3128860
:10841400BFF36F8F03F071FEF6E7064906481C238D
:10842400064A03F0F6FA1C21044803F0E9FA00BFF7
:10843400DC170020E30E0108B5DD0008C20E0108B8
:1084440008B583684BB90B490B48E3230B4A03F087
:10845400E0FAE321094803F0D3FAD0E900321360CB
:108464005A600023027CC0E9003322F00202027445
:10847400836008BD360F0108B5DD00080B0F010845
:108484002DE9F3470446884692461E469DF82890F7
:10849400EFF3058373B152EA06030BD052498523E7
:1084A400524A534803F0B5FA524803F0B2FA852110
:1084B4004E4818E004F10805EFF31187102383F305
:1084C4001288BFF36F8F284602F008F968B98F232A
:1084D400494A4A49464803F09CFA2946484803F069
:1084E40098FA8F21444803F08BFA284602F056F993
:1084F400626A23699A425FD22668B44219D0C6B12F
:108504003046FFF79DFF06F1180002F0F9FAE26821
:1085140000244146706904F01AFD3046B46704F043
:10852400CEFC3946284604F0E2FC204602B0BDE801
:10853400F087206A6669B0422CD3A3695A1E904220
:1085440028D8E268191A914224D3B9F1000F29D02E
:10855400414604F0FCFC236AE2681344A2692362E6
:10856400934201D163692362636A01336362002425
:10857400284602F0C1F890BB40F23D131E4A21493F
:108584001B4803F046FA29461F4803F042FA40F21A
:108594003D11A7E71D49A723144A154803F039FAEA
:1085A400A72185E7E1698E4218BF0B46981A414618
:1085B400E06104F0CCFCD7E75AEA06030CD0144B74
:1085C40022469B683946C3F814802846CDE900A6A4
:1085D40001F05AFC0446A8E76FF02204C8E787F3C9
:1085E4001188BFF36F8FA0E76F0F01084D0F0108CB
:1085F400B5DD0008B40F01080EEC00083BEC0008E0
:1086040050EC000866EC00087DEC0008B70F010888
:10861400DC1700202DE9F7430446894617461D461A
:10862400EFF3058383B152EA05030DD0554940F2B7
:108634002113554A554803F0ECF9554803F0E9F97C
:1086440040F22111504818E004F10806EFF31188B4
:10865400102383F31288BFF36F8F304602F03EF885
:1086640068B98F234B4A4C49484803F0D2F9314644
:108674004A4803F0CEF98F21464803F0C1F9304649
:1086840002F08CF8636A002B63D0E268E169484623
:1086940004F05DFCD4E90503E269E1680A449A4206
:1086A40014BF15460546626AE561013A6262226AB0
:1086B40082421CD3581E824219D89B1A994216D85A
:1086C4002568AC421DD10025304602F015F800287B
:1086D40052D140F23D132F4A31492C4803F099F905
:1086E4003146304803F095F940F23D11C4E72E4974
:1086F4004FF49B73244A254803F08BF94FF49B7184
:10870400A0E7002DE0D02846FFF79AFE05F11800F7
:1087140002F0F6F96969E268206A04F018FC236A39
:10872400E26828461344A2692362934204BF636942
:108734002362636A013363620024AC6704F0BFFB05
:108744004146304604F0D3FB2546284603B0BDE835
:10875400F08357EA05030CD0144B22469B6841462C
:10876400C3F814903046CDE9007501F08DFB054641
:10877400EBE76FF02205A7E788F31188BFF36F8F4B
:10878400E3E700BF6F0F01084D0F0108B5DD0008D6
:10879400B40F01080EEC00083BEC000850EC000894
:1087A40066EC00087DEC0008B70F0108DC17002018
:1087B4002DE9F341044617461E46EFF3058565B1DE
:1087C40054497423544A554803F023F9544803F098
:1087D40020F97421504803F013F9EFF311881023A2
:1087E40083F31288BFF36F8F4E4801F077FF60B9AF
:1087F4008F234D4A4D49494803F00BF949494C48E8
:1088040003F007F98F214848E5E7464801F0C6FF21
:10881400484BE2689B6892B1A068984227D057EA17
:1088240006022CD13F4801F067FF90B188F311880C
:10883400BFF36F8F6FF00F0002B0BDE8F08193F9C2
:108844000E100132C4E902323648216101F054FFAE
:1088540078B940F23D13344A3749304803F0D9F827
:108864003049364803F0D5F840F23D11CBE7216991
:10887400E7E788F31188BFF36F8F0020DCE793F9F3
:108884000E1090F90E30994205DA9942A8BF1946A4
:1088940004F09FFA054622464146CDE90076214878
:1088A40001F0F2FA0028E8D0EFF31186102383F3E5
:1088B4001288BFF36F8F1B4801F010FF002897D078
:1088C400184801F06BFFA068C0B1236821699C427D
:1088D4000AD04BB193F90E309942A8BF19466FF0F4
:1088E4007F039942B8BF194604F073FA30B1314698
:1088F4000C4804F0FCFA6FF00A009DE7002DF6D155
:10890400084801F0F9FE0028A3D086F31188BFF3CC
:108914006F8FF0E77F1001085D100108B5DD0008D6
:1089240091100108FC1700200EEC00083BEC000835
:1089340050EC0008DC17002066EC00087DEC000811
:10894400F8B50546EFF3058666B14949EB23494A74
:10895400494803F05EF8494803F05BF8EB214548C9
:1089640003F04EF88368002B7BD0454A926893420B
:108974007AD1C3684BB9434940F203133D4A3E4898
:1089840003F047F840F20311E9E7012B03D0013B60
:10899400C3600020F8BDEFF31187102383F312881E
:1089A400BFF36F8F384801F099FE60B98F23374ABF
:1089B4003749314803F02DF83349364803F029F894
:1089C4008F213248CCE7304801F0E8FE2969A868D5
:1089D40004F0FFF92C68A54215D100232A48C5E903
:1089E400023301F089FE002836D140F23D13274AB4
:1089F4002949214803F00DF82349284803F009F8D0
:108A040040F23D11DDE7002CE7D0A36843B92449C7
:108A14001948E323234A02F0FCFFE32121489FE79E
:108A2400D4E9003213605A60237CC4E9006623F061
:108A340002032374A66004F1180002F061F8AC602C
:108A440094F90E3020462B61A66704F038FA3946B3
:108A54000D4804F04CFA9CE787F31188BFF36F8F3D
:108A640097E76FF0150095E74FF0FF3092E700BFEE
:108A74007F1001085D100108B5DD000891100108A0
:108A8400DC170020B6100108FC1700200EEC0008CB
:108A94003BEC000850EC000866EC00087DEC000894
:108AA400360F01080B0F010808B583684BB90B4951
:108AB4000B48E3230B4A02F0ACFFE321094802F020
:108AC4009FFFD0E9003213605A600023027CC0E9A2
:108AD400003322F002020274836008BD360F0108DD
:108AE400B5DD00080B0F010870B50446EFF31186DD
:108AF400102383F31288BFF36F8F244801F0EEFD37
:108B040068B98F23224A2349234802F082FF1F4970
:108B1400224802F07EFF8F211D4802F071FF1B489E
:108B240001F03CFE2568AC4213D095B12846FFF70E
:108B3400BBFF05F1180001F0E3FF00232846AB67F3
:108B44006B6104F0BCF93146BDE870400F4804F095
:108B5400CEB9D4E902329A4218BF01330B48A3605C
:108B640001F0CAFD68B940F23D13094A0C490A48AC
:108B740002F04FFF05490B4802F04BFF40F23D1154
:108B8400CAE786F31188BFF36F8F70BD0018002009
:108B94000EEC00083BEC0008B5DD000850EC0008C2
:108BA40066EC00087DEC0008F7B5044616461D4641
:108BB400EFF305837BB152EA05030CD02D498323DF
:108BC4002D4A2E4802F025FF2D4802F022FF832172
:108BD400294802F015FFEFF31187102383F312885D
:108BE400BFF36F8F274801F079FD60B98F23264AC0
:108BF4002649224802F00DFF2249254802F009FFC8
:108C04008F212148E5E71F4801F0C8FDA368D3B1CF
:108C1400013B1C48A36001F06FFD68B940F23D13AD
:108C2400194A1C49154802F0F4FE16491A4802F084
:108C3400F0FE40F23D11E4E787F31188BFF36F8F34
:108C4400002003B0F0BD56EA05030BD10D4801F036
:108C540053FD0028E2D087F31188BFF36F8F6FF0C4
:108C64000F00EEE722463946CDE90065054801F0DC
:108C74000BF9E6E7ED100108CD100108B5DD000899
:108C8400B40F0108001800200EEC00083BEC0008AB
:108C940050EC000866EC00087DEC000808B5836819
:108CA4004BB90B490B48E3230B4A02F0B2FEE32114
:108CB400094802F0A5FED0E9003213605A6000238F
:108CC400027CC0E9003322F002020274836008BD12
:108CD400360F0108B5DD00080B0F01082DE9FF4729
:108CE40004464FF010084FF0FF364FF0FF37EFF314
:108CF400118988F31288BFF36F8F7E4801F0EEFC70
:108D040068B98F237C4A7D497D4802F082FE794907
:108D14007C4802F07EFE8F21774802F071FE754890
:108D240001F03CFDD4F88450EDB9022104F19C001B
:108D340004F06AF800283FD004F1940AD4F894505F
:108D440055454BD0002D49D02846FFF7A7FF05F124
:108D5400180001F0D5FE0123AB67002328466B61A0
:108D640004F0ADF8EAE7D4F888202B68954208BFF0
:108D7400C4F88830C4F88430D4F89C305D4843F09B
:108D84000203C4F89C30EB68D5F804A023F0040374
:108D940043F00103EB6001F0AFFC50BB40F23D1324
:108DA400554A5949564802F034FE5249574802F090
:108DB40030FE40F23D11AFE7D4F89C30DD060DD50E
:108DC400C4F89C004B4801F097FC0028E6D089F3D6
:108DD4001188BFF36F8F04B0BDE8F08700234946C4
:108DE400CDE90067029304F18C02424801F08EFB46
:108DF4007DE789F31188BFF36F8FBAF1000F0AD1B1
:108E040043493F484FF43D73424A02F002FE4FF497
:108E14003D71404881E72846D047EFF3118988F334
:108E24001288BFF36F8F334801F058FC00283FF4D9
:108E340068AF304801F0B2FCEB68D90623F00102B8
:108E44003DD4EA60EB689A071CD5DFF8CCC023F068
:108E54000203DCF80000EB60A0B10021036888B1D4
:108E6400426895423BD1036889BBDCF80420CCF806
:108E74000030904201D1CCF80430002340F8083B84
:108E8400FFF732FED4F89C3023F00203C4F89C3080
:108E9400DB052CD4D4F88450003D18BF01251548B7
:108EA40001F02AFC00283FF479AF89F31188BFF35D
:108EB4006F8F002D3FF41BAF00F088FB17E723F002
:108EC4001103EB6005F11000FFF70EFEBAE70B602B
:108ED400DCF80430984208BFCCF80410CDE7014612
:108EE4001BB11A6818461346B9E71A46FAE7002573
:108EF400D5E700BF0C1800200EEC00083BEC00087E
:108F0400B5DD000850EC000866EC00087DEC0008B4
:108F14005B1101083A11010804180020F8B5C36870
:108F240004469A070E46C3F340054FD45F074FD457
:108F34000B680BB983680B60E368D80736D5A36860
:108F44005BB92549254840F25713254A02F061FDD3
:108F540040F25711224802F053FD0225336037686E
:108F640067B3204B9A68D7F880309A4220D103F037
:108F74006DFF80F00100C0B2D7F89C30D907C3F36D
:108F840080021ED502B308B300232360D7F88830CB
:108F940083B9C7E92144384603F041FFE36843F04D
:108FA4000403E3603368A3602846F8BD0125D6E7CF
:108FB4000020E1E71C60C7F88840ECE76FF0150576
:108FC40006E06FF0120503E01B07DDD56FF00F0517
:108FD40000233360E8E700BF72110108B5DD000823
:108FE4003A110108DC17002073B50446EFF311852C
:108FF400102383F31288BFF36F8F1E4801F06EFBBA
:1090040068B98F231C4A1D491D4802F002FD194905
:109014001C4802F0FEFC8F21174802F0F1FC1548B1
:1090240001F0BCFB00230321201F0193A4F11006CF
:1090340003F0EAFE28B1A369304601A90193FFF7C2
:109044006DFF0C4801F058FB68B940F23D130A4A21
:109054000D490B4802F0DDFC06490C4802F0D9FC2E
:1090640040F23D11D8E785F31188BFF36F8F02B04A
:1090740070BD00BF0C1800200EEC00083BEC00088B
:10908400B5DD000850EC000866EC00087DEC000833
:10909400F0B589B004460E9D58B92F494FF4557365
:1090A4002E4A2F4802F0B5FC4FF455712B4802F0BC
:1090B400A7FC49B92B4940F25533284A284802F005
:1090C400A8FC40F25531F1E7D0F89C0010F0010003
:1090D40009D0254940F25633204A214802F099FC30
:1090E40040F25631E2E7C4E9210004F18C00C4E9FE
:1090F400230004F19400C4E9250055B3287900281D
:1091040040F2011008BF0120C4F89C0000204FF079
:10911400FF364FF0FF37CDE90330CDE90100CDE94B
:1091240006672046114B009400F0A6F955B1296852
:1091340011B1204603F090FE6B791BB1A38943F073
:109144000103A381204600F03FF9C4F8804009B030
:10915400F0BD0120D8E700BFC11101083A11010890
:10916400B5DD0008C71101088D110108E18C000864
:1091740038B50D46044658B90F4940F209430F4A21
:109184000F4802F046FC40F209410C4802F038FC5A
:1091940049B90C4940F20A43084A094802F039FC2B
:1091A40040F20A41F1E73022002103F0DDFE4FF4E2
:1091B40080736560E36038BDCD1101083A11010880
:1091C400B5DD00085B110108F7B50C4616461D46CF
:1091D400019058B9334940F28D43334A334802F081
:1091E40018FC40F28D41304802F00AFC49B930497C
:1091F40040F28E432C4A2D4802F00BFC40F28E4183
:10920400F1E7EFF31187102383F31288BFF36F8F15
:10921400284801F063FA60B98F23274A2749234875
:1092240002F0F7FB2349264802F0F3FB8F21224882
:10923400DAE7204801F0B2FAE36813F01E0F27D1F1
:1092440055EA060216D1204601A9FFF767FE044637
:10925400184801F051FAE8B940F23D13164A194989
:10926400124802F0D6FB1349174802F0D2FB40F231
:109274003D11DCE743F00803E360019B04F11000B7
:10928400A36232462B46114901F056FB0124DFE765
:109294000024DDE787F31188BFF36F8F204603B006
:1092A400F0BD00BF781101083A110108B5DD0008CE
:1092B400CD1101080C1800200EEC00083BEC00084E
:1092C40050EC000866EC00087DEC0008ED8F000807
:1092D40001460148FFF778BF001200202DE9F04352
:1092E40085B00F9D04460F2D0F46984615D12A4B85
:1092F400984516D040F25323284A2949294802F0B8
:1093040088FB294628486FF00F030E2202F081FBE8
:1093140040F25321214802F073FB05F110031E2B88
:10932400E8D804F15803C4E91633109B0026002042
:109334000021A3810423A573D51D25F0070507EBA0
:109344000509C4E90A01237449462046C4E90666AE
:10935400A660E673FAF794FC0E9B073020F0070032
:10936400A066C4E9187502930D9BA9EB000901934B
:109374000C9B4A460093394643462046FAF7BAFF07
:109384000A4B66659B6823B94846E36605B0BDE8A9
:10939400F083DB6EF8E700BFFD830008E2110108EB
:1093A40005120108B5DD000885120108DC1700204C
:1093B4000123037483810023C0E91833C366014B7E
:1093C40098607047DC17002038B50446EFF3118528
:1093D400102383F31288BFF36F8F204801F07EF9C6
:1093E40068B98F231E4A1F491F4802F012FB1B490C
:1093F4001E4802F00EFB8F21194802F001FB1748AA
:1094040001F0CCF9237C5B0710D504F1180001F0BE
:1094140077FB237C204623F00403237403F04FFDE1
:109424002946BDE838400D4803F061BD0B4801F002
:1094340063F968B940F23D13094A0D490A4802F03C
:10944400E8FA06490B4802F0E4FA40F23D11D3E78A
:1094540085F31188BFF36F8F38BD00BF101800204B
:109464000EEC00083BEC0008B5DD000850EC0008E9
:1094740066EC00087DEC0008F0B587B00446DDE931
:109484001276EFF3058575B1194940F21533194A7F
:10949400194802F0BEFA194802F0BBFA40F215313D
:1094A400144802F0ADFA0595109D04950F9D03959F
:1094B4000E9D02950D9D01950C9D0095FFF70EFFE5
:1094C400B6F1FF3F08BFB7F1FF3F05D056EA0703E7
:1094D40005D12046FFF778FF204607B0F0BD3A4695
:1094E400334604F11800064901F026FAF4E700BFF8
:1094F4007F100108E2110108B5DD0008B612010869
:10950400F59D000870B504468689EFF31185102394
:1095140083F31288BFF36F8F224801F0DFF868B934
:109524008F23214A2149224802F073FA1D49214818
:1095340002F06FFA8F211C4802F062FA194801F018
:109544002DF9237C1A0716D5164801F0D5F868B909
:1095540040F23D13144A1849154802F05AFA1149C9
:10956400164802F056FA40F23D11E4E785F31188FB
:10957400BFF36F8F70BD01222946204600F006FA22
:10958400F307F7D540F2EA530D4A0E49084802F0B2
:1095940040FA21460C4802F03CFA40F2EA510848ED
:1095A400CAE700BF101800200EEC00083BEC0008CE
:1095B400B5DD000850EC000866EC00087DEC0008FE
:1095C400E2110108DB120108E612010808B5EFF305
:1095D400058373B109494FF4CC63094A094802F081
:1095E40018FA094802F015FA4FF4CC61044802F065
:1095F40007FABDE8084000F03DBB00BF7F1001083A
:10960400E2110108B5DD0008B40F010838B590F97E
:1096140010200146002A037C1BDA224A03F07F0350
:109624009042037409D120493D23204A204802F086
:10963400F0F93D211D4802F0E3F9DC0707D51D4987
:109644003E231A4A1A4802F0E4F93E21F2E703F0F5
:1096540008FC194D2A4652F8184FAB68944200D0C2
:1096640004B9EC688B4214D05BB91449EA23144A58
:109674000F4802F0CEF9134802F0CBF9EA21104862
:10968400D9E71A7CD20604D1DA897F2A01D9A269E2
:109694002AB1A34202D0204603F02BFC23466B617F
:1096A40038BD00BF601000202E1301080413010808
:1096B400B5DD00084F130108DC17002094130108DE
:1096C40068130108B40F010810B50021044601F025
:1096D4008DF86FF00A01084A9368996707495C6737
:1096E4004B6843F080534B60002383F31188BFF32E
:1096F4006F8F9368986F10BDDC17002000ED00E0B9
:1097040070B504460D46F9B9EFF30586E6B91A4B70
:109714005A699B689A4217D000F0EEFF78B94FF46B
:10972400BF73164A1649174802F073F921461648C2
:1097340002F06FF94FF4BF71104802F061F930463E
:10974400BDE87040FFF7C0BF204600F0D5FF68B900
:1097540040F23D13094A0A490A4802F05AF92146DF
:10976400094802F056F940F23D11E5E785F3118806
:10977400BFF36F8F70BD00BFDC1700200EEC000834
:1097840066EC0008B5DD00087DEC000870B590F9C2
:109794001020037C002A49DBD90647D163F07F03FC
:1097A4000374264B984209D1254926483523264A75
:1097B40002F02FF93521244802F022F9234C2246E5
:1097C40052F8183FE169934207D1C0E900210860CB
:1097D400E0610FE09942F8D01B68002BF5D093F9B3
:1097E4000E6090F90E50AE42F4DD5968C0E90031C4
:1097F40008605860A569954200D005B9E568A3687A
:109804005BB91349EA23134A0E4802F002F91248DD
:1098140002F0FFF8EA210F48CEE71A7CD20606D1FF
:10982400DA897F2A03D9AA690AB9636170BDAB4298
:1098340002D0284603F05DFB6561F7E76010002065
:109844002E130108B5DD000804130108DC170020FD
:109854009413010868130108B40F010808B583685C
:109864004BB909490948E323094A02F0D2F8E32134
:10987400074802F0C5F803F0F4FA037C23F002036E
:1098840003740023836008BD360F0108B5DD0008AA
:109894000B0F010838B5184CA168E0690B688142C8
:1098A40014BF1A46002249680B605960A368E16935
:1098B4002AB9124AC3E900210B60E3610AE092F974
:1098C4000E5093F90E00854212DD5168C3E9002160
:1098D4000B605360A569094B9D4200D005B9E5684A
:1098E400A3689D4202D0284603F003FB656138BD9E
:1098F4008A42DED01268DBE7DC170020F417002070
:1099040038B50446EFF31185102383F31288BFF3AF
:109914006F8F174800F0E2FE68B98F23154A164985
:10992400164802F076F81249154802F072F88F21B1
:10993400104802F065F80E4800F030FF2046FFF7AB
:1099440025FF0B4800F0D8FE68B940F23D13094AE0
:109954000C490A4802F05DF805490B4802F059F831
:1099640040F23D11E4E785F31188BFF36F8F38BDF2
:10997400101800200EEC00083BEC0008B5DD0008D0
:1099840050EC000866EC00087DEC00082DE9F04777
:10999400B2F100080CBF4FF010094FF00809027C27
:1099A400044619EA020F0D4640F0A88049EA020372
:1099B400D2090DD10374B9F1080F40F0DD80A3681A
:1099C40013B12046FFF74AFF102704F118064CE0B4
:1099D4007A4A03F07F039042037409D178493D2306
:1099E400784A794802F015F83D21764802F008F8E3
:1099F400DA0707D575493E23724A734802F009F81D
:109A04003E21F2E703F02DFAD5E7714800F074FE29
:109A140070B940F23D136F4A6F496B4801F0F9FF8A
:109A24006B496E4801F0F5FF40F23D116948DDE7EE
:109A340085F31188BFF36F8FEFF3118587F31288D5
:109A4400BFF36F8F624800F049FE58B98F23614A13
:109A540063495D4801F0DDFF5D49624801F0D9FFCB
:109A64008F21E3E75A4800F099FE304601F048F8A8
:109A74000B30CAD0A66D04F15807B74211D04FF08D
:109A8400000A76B13046FFF7E9FEC6F878A006F181
:109A9400180001F035F83046FFF778FEA66DB7429E
:109AA400EFD1514B9B689C4266D1EFF30587003F91
:109AB40018BF0127DFF830A1534653F8186F9E42B0
:109AC40000D00EB9DAF80C60DAF80830B34202D0EC
:109AD400304603F00EFAB9F1100FCAF814600DD035
:109AE400204602F000FB4FB16269404B9A4202D11A
:109AF400012000F06BFE3E48FFF75AFC3A4B9B688E
:109B0400A3424FD1EFF30586002E4BD1A389DB0787
:109B140020D52F4800F0F0FD00283FF47AAF85F3FC
:109B24001188BFF36F8F86F31188BFF36F8F0423FF
:109B3400184602DFEFF31185102383F31288BFF375
:109B44006F8F234800F0CAFD00283FF47FAF204800
:109B540000F024FE1E4800F0CFFD78B94FF4BF7327
:109B64001C4A1D49184801F054FF19491B4801F0CB
:109B740050FF4FF4BF7159E700279BE72846FFF7D2
:109B8400A3FDB8F1000F17D01A494FF4AE731A4A67
:109B94000D4801F03EFF194801F03BFF4FF4AE7150
:109BA400154823E70A4800F0A7FD00283FF431AF29
:109BB40085F31188BFF36F8FBDE8F0876010002034
:109BC4002E13010804130108B5DD00084F13010822
:109BD400101800200EEC000866EC00087DEC00086C
:109BE4003BEC000850EC0008DC170020A719010822
:109BF40060110020DD130108BB130108E8130108FC
:109C040070B5164D06462B4653F8184F9C4200D0AB
:109C140004B9EC68AB6863B91149EA23114A1248E4
:109C240001F0F7FE114801F0F4FEEA210D4801F0BD
:109C3400E7FE1A7CD20604D1DA897F2A01D9A26907
:109C44002AB1A34202D0204603F053F923466B61A4
:109C54003146BDE870400648FFF752BDDC170020CE
:109C64009413010868130108B5DD0008B40F010856
:109C74001018002070B5EFF31186102383F31288B7
:109C8400BFF36F8F2D4800F029FD68B98F232C4A4C
:109C94002C492D4801F0BDFE28492C4801F0B9FE9D
:109CA4008F21274801F0ACFE294C244800F076FDB2
:109CB400A168E0690B68814214BF1A460022496812
:109CC4000B605960A368E1692AB9224AC3E90021FB
:109CD4000B60E3610AE092F90E5093F90E0085429D
:109CE40023DD5168C3E900210B605360A569194B5A
:109CF4009D4200D005B9E568A3689D4202D028467C
:109D040003F0F7F80D48656100F0F6FC88B94FF4EC
:109D1400BF730B4A10490C4801F07BFE07490F48FA
:109D240001F077FE4FF4BF71BBE78A42CDD01268D1
:109D3400CAE73046BDE87040FFF7C6BC10180020E3
:109D44000EEC00083BEC0008B5DD000850EC000800
:109D5400DC170020F417002066EC00087DEC0008F6
:109D640038B50446EFF31185102383F31288BFF34B
:109D74006F8F184800F0B2FC68B98F23164A174950
:109D8400174801F046FE1349164801F042FE8F21A0
:109D9400114801F035FE0F4800F000FDA36813B12F
:109DA4002046FFF75BFD0B4800F0A6FC68B940F2C3
:109DB4003D13094A0C490A4801F02BFE05490B489A
:109DC40001F027FE40F23D11E2E785F31188BFF36D
:109DD4006F8F38BD101800200EEC00083BEC000813
:109DE400B5DD000850EC000866EC00087DEC0008C6
:109DF40038B50446EFF31185102383F31288BFF3BB
:109E04006F8F1A4800F06AFC68B98F23184A194901
:109E1400194801F0FEFD1549184801F0FAFD8F219B
:109E2400134801F0EDFD114800F0B8FC204600F0A5
:109E3400DFFE18B9A4F1180003F045F80B4800F050
:109E44005BFC68B940F23D13094A0D490A4801F028
:109E5400E0FD06490B4801F0DCFD40F23D11DFE76F
:109E640085F31188BFF36F8F38BD00BF1018002031
:109E74000EEC00083BEC0008B5DD000850EC0008CF
:109E840066EC00087DEC00082DE9F047DFF8D4A06B
:109E9400354D1746DDE90898DAF80820334BA84217
:109EA40004460E461A600BD13149324840F2FD1384
:109EB400314A01F0AEFD40F2FD112F4801F0A0FD42
:109EC400EFF31183102383F31288BFF36F8F2846B7
:109ED40000F004FC60B98F23284A2949254801F081
:109EE40098FD2946274801F094FD8F212348E5E792
:109EF400284600F053FCDAF808503946284602F0A8
:109F0400B8FFB8F1FF3F08BFB9F1FF3F06D04A469A
:109F140043461D4905F1180000F00EFD204600F0EF
:109F2400EBFB68B919494FF4BF73144A114801F0A7
:109F340070FD2146164801F06CFD4FF4BF71D5E762
:109F4400094800F0D9FB40B910494FF4BF730B4ADC
:109F5400084801F05EFD0449ECE73046BDE8F047EF
:109F6400FFF7B2BBDC1700201018002014180020E3
:109F74000A140108B5DD0008BB1301080EEC000843
:109F84003BEC000850EC0008F59D000866EC000866
:109F94007DEC000870B50546EFF31186102383F3BA
:109FA4001288BFF36F8F1B4800F098FB68B98F23AA
:109FB400194A1A491A4801F02CFD1649194801F0AA
:109FC40028FD8F21144801F01BFD124800F0E6FB28
:109FD4002C68A54215D014B12046FFF73FFC0D486C
:109FE40000F08AFB78B940F23D130B4A0E490C4845
:109FF40001F00FFD07490D4801F00BFD40F23D1142
:10A00400E0E70024EBE786F31188BFF36F8F204667
:10A0140070BD00BF101800200EEC00083BEC0008D7
:10A02400B5DD000850EC000866EC00087DEC000883
:10A034002DE9F04104460D46EFF31187102383F315
:10A044001288BFF36F8F584800F048FB60B98F2324
:10A05400564A5749574801F0DCFC5349564801F029
:10A06400D8FC8F21514814E04F4800F097FB237C23
:10A0740013F01F0662D103F07F0323744F4B9C42FD
:10A0840009D14F493D234F4A4A4801F0C2FC3D21C2
:10A094004C4801F0B5FC204602F0E3FE237C6DB28F
:10A0A40043F08003DA07A573237407D546493623A2
:10A0B400444A404801F0ADFC3621E9E7DFF80C8161
:10A0C400424652F8183FD8F81C10934208D1C4E90C
:10A0D40000210C60C8F81C400DE08B42F7D01B68CF
:10A0E400002BF4D093F90E00A842F6DD5968C4E9B8
:10A0F40000310C605C60D8F81840944200D00CB970
:10A10400D8F80C40D8F808309C4202D0204602F01F
:10A11400F0FEC8F81440244800F0EEFA00283AD1C2
:10A1240040F23D13214A2A49224801F072FC1E499B
:10A13400284801F06EFC40F23D1193E79B0728D5B7
:10A14400A16841B924491B48E323244A01F061FC76
:10A15400E32122489DE720466DB202F082FEA573FA
:10A164000B68994209D14B68C4E900131C604C6028
:10A17400D1E74A689342F6D01B68002BF3D093F9D9
:10A184000E20AA42F5DD5A68C4E9003214605C600E
:10A19400C1E7A573BFE787F31188BFF36F8FB6FAE2
:10A1A40086F04009BDE8F081101800200EEC00088C
:10A1B4003BEC0008B5DD000850EC000860100020FE
:10A1C4002E130108041301084F130108DC170020A3
:10A1D40066EC00087DEC0008360F01080B0F01083F
:10A1E4002DE9F04107460E46EFF3058464B1374983
:10A1F4003423374A374801F00CFC374801F009FC96
:10A204003421334801F0FCFB50EA010304D1FFF789
:10A21400DDF92046BDE8F081EFF31188102383F3C4
:10A224001288BFF36F8F2D4800F058FA60B98F235E
:10A234002B4A2C49274801F0ECFB28492A4801F015
:10A24400E8FB8F212648DDE7284D244800F0A6FAD4
:10A25400A868274B186002F034FEA86833463A46D3
:10A264002449183000F068FBAA680646137C1B4892
:10A2740043F00403137400F03FFA68B94FF4BF735A
:10A28400174A1D49134801F0C4FB14491B4801F047
:10A29400C0FB4FF4BF71D5E72146404600F0A6FA53
:10A2A4006FF00A02AB689A67154AC3F87480536862
:10A2B40043F08053536084F31188BFF36F8F02F02F
:10A2C40025FE301A20EAE070A4E700BF7F100108E1
:10A2D40043140108B5DD0008B40F0108101800206C
:10A2E4000EEC00083BEC000850EC0008DC170020E2
:10A2F40014180020F59D000866EC00087DEC0008A9
:10A3040000ED00E038B505460C46EFF3058363B174
:10A3140011495F23114A124801F07BFB114801F0F7
:10A3240078FB5F210D4801F06BFBFFF759FFB4F197
:10A33400FF3F08BFB5F1FF3F0AD0C11709304FF006
:10A344000A024FF0000341F10001F5F779FF38BD2F
:10A354004FF0FF30FBE700BF7F10010843140108F2
:10A36400B5DD0008B40F0108024B03F11802C3E97C
:10A3740006227047DC17002010B5EFF31184102378
:10A3840083F31288BFF36F8F264800F0A7F960B9F2
:10A394008F23254A2549264801F03BFB21492548BE
:10A3A40001F037FB8F21204810E01E4800F0F6F939
:10A3B400EFF3058363B120491F23204A1C4801F0B1
:10A3C40028FB1F4801F025FB1F211C4801F018FB46
:10A3D4001C4B9A68D37B012B0AD11B492023174AB3
:10A3E400134801F016FB164801F013FB2021ECE79B
:10A3F400013BD3730B4800F07FF968B940F23D1379
:10A40400094A12490A4801F004FB0649104801F0C0
:10A4140000FB40F23D11C6E784F31188BFF36F8F50
:10A4240010BD00BF101800200EEC00083BEC000823
:10A43400B5DD000850EC00087F1001086514010820
:10A44400B40F0108DC1700208B14010866EC000827
:10A454007DEC000810B5EFF31184102383F3128808
:10A46400BFF36F8F1C4800F039F968B98F231B4A7A
:10A474001B491C4801F0CDFA17491B4801F0C9FAE1
:10A484008F21164801F0BCFA134800F087F9174BE6
:10A494009A68D37B5BB916492E23164A114801F0FA
:10A4A400B8FA154801F0B5FA2E211248EAE7EFF39D
:10A4B400058151B111492F230E4A0A4801F0A9FA26
:10A4C4000D4801F0A6FA2F21EFE70133D37320469C
:10A4D400BDE81040FFF794BB101800200EEC0008F4
:10A4E4003BEC0008B5DD000850EC0008DC17002048
:10A4F400BC14010865140108B40F01087F10010899
:10A50400014B9868704700BFDC170020D3B5DDE924
:10A514000667089CCDE90067FFF7B6FC1CB1034B46
:10A524009B685B69236002B0D0BD00BFDC170020CC
:10A53400027C034612F01F0210D10A4988420DD052
:10A544000949086868B1D9897F2909D893F90E2087
:10A55400064B1B689A42B8BF002070470020704722
:10A564001046704760100020AC000020181800202E
:10A57400F8B50B4B04461E7C18230A4D0A4F03FB07
:10A584000655284600F0BCFA34B1BB5D2846E21AF1
:10A594000649D31700F0D0F90023BB55F8BD00BF1E
:10A5A400DC170020E01100203B180020B5A50008AE
:10A5B40008B5A8B10F4B984212D303F11802904288
:10A5C4000ED21822C01AB0FBF2F302FB13033BB9FC
:10A5D4000122A3F15533C0105843074B1A5408BD48
:10A5E400064907484023074A01F013FA4021054869
:10A5F40001F006FAE01100203B18002015150108AF
:10A60400B5DD0008ED140108F8B5EFF31187102348
:10A6140083F31288BFF36F8F264800F05FF868B9A0
:10A624008F23254A2549264801F0F3F92149254875
:10A6340001F0EFF98F21204801F0E2F91D4800F004
:10A64400ADF8214E214BB5681868A84213D102F029
:10A6540050FC184800F050F830BB40F23D13164A45
:10A664001B49174801F0D5F912491A4801F0D1F9EC
:10A6740040F23D11DFE700221A60337C164AD35CB6
:10A68400002BE6D02846FFF753FF04460028E0D00D
:10A694002B7CDB06DDD1FFF7FDF87369AB42D8D123
:10A6A4002046FFF765FFD4E787F31188BFF36F8F68
:10A6B400F8BD00BF101800200EEC00083BEC0008A9
:10A6C400B5DD000850EC0008DC1700201418002049
:10A6D40066EC00087DEC00083B180020006838B1E7
:10A6E400044B00F003001B7CC01A18BF0120704704
:10A6F40001207047DC17002070B50024204A21494E
:10A70400137C056851F823600460864208BF41F851
:10A714002340EFF305819268B9B1117CC90714D5C0
:10A72400194951F82320013A002A41F8232022DA5A
:10A7340016493623164A174801F06BF9164801F0FA
:10A7440068F93621124801F05BF91A43AA4214D180
:10A754000D4951F82320013A002A41F823200ADA4E
:10A764000A493E230A4A0B4801F053F90A4801F00A
:10A7740050F93E21E6E7012070BD0020FCE700BF50
:10A78400DC170020201800201C180020EE160108F9
:10A79400C0160108B5DD000811170108084A137C2A
:10A7A40092681A430260074A52F8231009B942F822
:10A7B4002300054951F82320013241F82320704732
:10A7C400DC170020201800201C1800200021044B56
:10A7D400044A1B7C42F82310034A42F823007047C2
:10A7E400DC170020201800201C1800202DE9F0415F
:10A7F4002D4E2E4A337C074652F823802C4A0C46B1
:10A8040052F8235001B1013DB3681A7C12071AD5DE
:10A814005A69284B9A4216D1201E18BF0120FFF70F
:10A82400D5FF002F3ED0B3681B7C13F0090F39D13C
:10A834002149A923214A224801F0EBF8214801F0DB
:10A84400E8F8A9210CE0002D0DDA95231B4A1E49D6
:10A854001B4801F0DEF821461C4801F0DAF8952186
:10A86400164801F0CDF8B8F1000F0DD044450BD0D7
:10A874009823124A1649124801F0CBF8414615486C
:10A8840001F0C7F89821EBE7002DCAD09E230B4AAC
:10A8940011490B4801F0BDF82946104801F0B9F8F8
:10A8A4009E21DDE7BDE8F081DC17002020180020A0
:10A8B4001C180020A719010819180108C01601085E
:10A8C400B5DD00088218010839170108441701088A
:10A8D4007E170108A7170108D6170108E117010818
:10A8E400024B1868984208BF00207047B40000204B
:10A8F4006FF000418842024608B511D2FFF7F0FF1D
:10A9040008B9881A08BDD0E904308B4270F1000000
:10A9140002DB0448801AF5E79A4201D2981AF1E75B
:10A924000020EFE7FEFFFF7F024B186808B1FDF738
:10A9340029BA7047B0000020B3F1FF3F08BFB2F15D
:10A94400FF3F2DE9F84F0446994615461E4600F090
:10A95400B980D0F80080B8F1000F0CD05B49B72360
:10A964005B4A5C4801F055F85B4801F052F8B721A6
:10A97400574801F045F88160EFF31187102383F302
:10A984001288BFF36F8F5548FFF7A8FE824660B95F
:10A994008F23534A53494F4801F03BF84F495248DB
:10A9A40001F037F88F214E48E3E74C48FFF7F6FEF5
:10A9B400B9F1000FDFF834B123DBFFF7B5FF4C4BDF
:10A9C40002461B68003B18BF0123451949F10009E1
:10A9D4005B1949F10001C4E90431DBE900565D1952
:10A9E40041EB0606FFF77CFF0346DFF80881D8F841
:10A9F4000490F3B9C4E90089C9F80040C8F80440D8
:10AA040029E06FF00103DBE900125B1A4FF0FF311C
:10AA140061EB02025B1B62EB0902012B72F1000184
:10AA2400BCBF424601234FF0000AC4E90432524637
:10AA3400D8E7D3E9040ED4E9041C81427CEB0E0B65
:10AA44002FDA401A6EEB0C01C3E904015968C4E91A
:10AA540000310C605C60FFF743FF84420FD1244B4C
:10AA64001B6801330BD1BAF1000F02D1FFF75CFF71
:10AA740002461046FFF73CFF0021FDF705F9174891
:10AA8400FFF73AFEB0B940F23D13154A1A4911488E
:10AA940000F0BFFF1149194800F0BBFF40F23D111F
:10AAA40081E7091A6CEB0E004B45C4E90410A1D0F0
:10AAB4001B689EE787F31188BFF36F8F28463146E2
:10AAC400BDE8F88F00252E46F8E700BFCE18010830
:10AAD400AA180108B5DD0008B40F01082C180020DD
:10AAE4000EEC00083BEC000850EC0008F8110020C4
:10AAF400B0000020B400002066EC00087DEC0008E3
:10AB0400F8B50446EFF31186102383F31288BFF3DC
:10AB14006F8F2E48FFF7E2FD68B98F232C4A2D4929
:10AB24002D4800F076FF29492C4800F072FF8F2150
:10AB3400274800F065FF2548FFF730FE2268002A09
:10AB44003BD0FFF7CDFE264B5B689C4208D0D2E990
:10AB54000431D4E90475DB1941EB0501C2E9043180
:10AB6400D4E900320025A04213605A60C4E90055BC
:10AB74001BD000251B4A1548136823F001018C42A1
:10AB840004BF43F001031360FFF7B6FDC0B940F200
:10AB94003D130F4A1449104800F03BFF0B4913487A
:10ABA40000F037FF40F23D11C2E7FFF7BDFEFFF7AB
:10ABB4009FFE2946FDF768F8DBE76FF01505D9E736
:10ABC40086F31188BFF36F8F2846F8BD2C18002038
:10ABD4000EEC00083BEC0008B5DD000850EC000862
:10ABE400B40000202418002066EC00087DEC000866
:10ABF40038B50446EFF31185102383F31288BFF3AD
:10AC04006F8F1A48FFF76AFD68B98F23184A1949EC
:10AC1400194800F0FEFE1549184800F0FAFE8F218D
:10AC2400134800F0EDFE1148FFF7B8FD144B44F053
:10AC340001041B680D481B1B5C425C41FFF75CFD73
:10AC440068B940F23D130A4A0E490B4800F0E1FE90
:10AC540006490D4800F0DDFE40F23D11E0E785F3C2
:10AC64001188BFF36F8F204638BD00BF2C18002019
:10AC74000EEC00083BEC0008B5DD000850EC0008C1
:10AC84002418002066EC00087DEC00082DE9F84F3C
:10AC94000023434F434D38602B60FFF721FE0E46DF
:10ACA4000446DFF804A1DFF804913868DAE900EC1F
:10ACB40064B1D4E904314FF00008984278EB010202
:10ACC40021DA1B1A61F10001C4E9043100244FF0B8
:10ACD400FF3310EB0E004CF10002CAE900022046DB
:10ACE4002B603C60FFF704FE2146FCF7CDFF3048A3
:10ACF400FFF702FDE8B186F31188BFF36F8FBDE85B
:10AD0400F84FFFF781BC13EB0E0241EB0C01C31AA1
:10AD1400D4F808B0CAE900213B602548D4E90032E0
:10AD240013605A60C4E90088C9F80040FFF7E4FCE6
:10AD340078B940F23D131F4A1F49204800F069FECC
:10AD44001B491F4800F065FE40F23D11194800F010
:10AD540057FE86F31188BFF36F8F2046D847EFF371
:10AD64001186102383F31288BFF36F8F1048FFF707
:10AD7400B5FC58B98F230F4A1249104800F049FE18
:10AD84000B49114800F045FE8F21DFE70848FFF723
:10AD940005FDC9F80080FFF7A3FD044685E700BF61
:10ADA40028180020B0000020F811002024180020EA
:10ADB4002C1800200EEC000866EC0008B5DD000835
:10ADC4007DEC00083BEC000850EC000810B5EFF3F4
:10ADD4001184102383F31288BFF36F8F0B48FFF79E
:10ADE4007DFC68B98F230A4A0A490B4800F011FE1A
:10ADF40006490A4800F00DFE8F21054800F000FEC8
:10AE04000248FFF7CBFC204610BD00BF2C180020E1
:10AE14000EEC00083BEC0008B5DD000850EC00081F
:10AE240010B504460C48FFF767FC78B940F23D13AF
:10AE34000A4A0B490B4800F0ECFD07490A4800F0A8
:10AE4400E8FD40F23D11054800F0DAFD84F3118875
:10AE5400BFF36F8F10BD00BF2C1800200EEC00084C
:10AE640066EC0008B5DD00087DEC000870B5EFF372
:10AE74001186102383F31288BFF36F8F1A48FFF7EC
:10AE84002DFC68B98F23194A19491A4800F0C1FDED
:10AE94001549194800F0BDFD8F21144800F0B0FD9C
:10AEA4001148FFF77BFCFFF73FFD144AD2E9004548
:10AEB40004190D4845F10005FFF71EFC68B940F27E
:10AEC4003D130A4A0E490B4800F0A3FD06490D48FC
:10AED40000F09FFD40F23D11DFE786F31188BFF3D8
:10AEE4006F8F2046294670BD2C1800200EEC0008F8
:10AEF4003BEC0008B5DD000850EC0008F811002018
:10AF040066EC00087DEC00082DE9F0410446EFF3FF
:10AF14001187102383F31288BFF36F8F5748FFF70D
:10AF2400DDFB68B98F23564A5649574800F071FD36
:10AF34005249564800F06DFD8F21514800F060FDE4
:10AF44004E48FFF72BFC236893B14C48FFF7D4FB22
:10AF5400002854D140F23D13494A4D494A4800F073
:10AF640058FD46494B4800F054FD40F23D11E4E7DA
:10AF74002046FFF73DFE06460028E6D1D4E90A58EC
:10AF84006A1C48F10003022A73F1000324D301F080
:10AF9400C1FF281848EB0101012871F1000134DBDD
:10AFA40001F0B8FF6FF00203281848EB0101834257
:10AFB4006FF000438B412DDB01F0ACFF6FF0010219
:10AFC4002D1848EB01034FF0FF31521B61EB0303D3
:10AFD40020463149FFF7B0FC236B256A0133236314
:10AFE400E5B93D4654F8186FA64200D096BB2348F5
:10AFF400FFF782FB0028ADD085F3118801E087F3C9
:10B004001188BFF36F8FBDE8F0816FF001024FF03C
:10B01400FF33DDE732464FF00043D9E71748FFF727
:10B024006BFB002896D087F31188BFF36F8F2046FF
:10B03400A847EFF31185102383F31288BFF36F8FB2
:10B044000E48FFF74BFB00283FF46CAF0B48FFF7AB
:10B05400A5FBC7E73046FEF783FE00230748B36726
:10B06400FFF74AFB00283FF475AF85F31188BFF35F
:10B074006F8F3046BDE8F041FEF742BC3018002027
:10B084000EEC00083BEC0008B5DD000850EC0008AD
:10B0940066EC00087DEC00080DAF0008B3F1FF3F3B
:10B0A40008BFB2F1FF3FF8B5044616461D4640D02E
:10B0B400EFF31187102383F31288BFF36F8F1D48BA
:10B0C400FFF70CFB68B98F231B4A1C491C4800F08E
:10B0D400A0FC18491B4800F09CFC8F21164800F086
:10B0E4008FFC1448FFF75AFB2046FFF709FDDDE902
:10B0F4000623C4E90A2300233246236320462B4651
:10B104001149FFF719FC0B48FFF7F6FA68B940F24A
:10B114003D13094A0D490A4800F07BFC05490C48D7
:10B1240000F077FC40F23D11D8E787F31188BFF3B4
:10B134006F8FF8BD301800200EEC00083BEC0008BF
:10B14400B5DD000850EC00080DAF000866EC0008FF
:10B154007DEC000870B50546EFF31184102686F3E4
:10B164001288BFF36F8F2D48FFF7B8FA68B98F23A1
:10B174002B4A2C492C4800F04CFC28492B4800F061
:10B1840048FC8F21264800F03BFC2448FFF706FBCF
:10B194002846FFF7B5FC90B12048FFF7ADFA002828
:10B1A40037D140F23D131E4A21491F4800F031FCBB
:10B1B4001A49204800F02DFC40F23D11E2E76B6A89
:10B1C400CBB11648FFF798FA0028EAD084F3118827
:10B1D400BFF36F8F28466B6A9847EFF3118486F3A9
:10B1E4001288BFF36F8F0D48FFF778FA0028BED09E
:10B1F4000A48FFF7D3FA05F11800FEF7CBFE002842
:10B20400CAD0FEF77DFB2146BDE87040034801F03B
:10B214006EBE84F31188BFF36F8F70BD30180020A9
:10B224000EEC00083BEC0008B5DD000850EC00080B
:10B2340066EC00087DEC000838B50D4C0D4DAC42B1
:10B2440013D90D4925230D4A0D4800F0E2FB0D48A2
:10B2540000F0DFFB2521094800F0D2FB2046D4E9A9
:10B26400011201F06AFE1834E9E7F7D3002038BD73
:10B274003C0100203C01002010190108EE180108CF
:10B28400B5DD000833F0000807B5064B4FF48062C3
:10B29400009305494FF0FF330448FDF7F9FE03B06E
:10B2A4005DF804FBD4DB0008804500200012002078
:10B2B4000CB430B58BB004460D462022002102A800
:10B2C40001F052FE0223002D06948DF80A300C4B37
:10B2D400039312DB01D06B1E1C440FAA0E9902A823
:10B2E4000794019200F00EF815B1069B00221A7023
:10B2F4000BB0BDE8304002B070470024EDE700BF5A
:10B3040041D000082DE9F04F43688BB08046924647
:10B31400009383789C0740F1F98000250878002881
:10B3240000F0F68025280AD04B1C019301354146D4
:10B33400009B98470028C0F2E3800199EEE74E781D
:10B344008B1C252E0193F1D000270A22B9463C46D6
:10B354001F2C22D8A6F12003102B20D8DFE803F0FD
:10B36400141F1F1A1F1F1F0B1F1F1F121F171F1F22
:10B37400090044F00104019B13F8016B0193002EB2
:10B38400E6D13AE044F0020444F00404F3E744F064
:10B394000804F0E744F01004EDE77F2C24D8A6F16C
:10B3A4003003092B08D860064EBF02FB073744F070
:10B3B400200402FB0939DEE72A2E0DD161065AF872
:10B3C400043B53D4002BA7BF44F020049946C3F197
:10B3D400000944F02804CEE72E2E05D1630600F1BF
:10B3E400978044F04004C6E76C2E2ED028D8682EEF
:10B3F40032D06A2E37D04C2E35D0002F46F02003A1
:10B40400B8BF24F04004A3F16502BCBF0027A4B276
:10B41400022A01D9612B2BD10AF1070A07279D4E75
:10B424002AF0070A0AF1080A210760D506EB070B80
:10B4340034465C455DD1AE1BA9EB0709A21959E15D
:10B44400742E98D07A2E96D0D7E7260648BF44F4B7
:10B45400007444F080048EE7E00548BF44F40074AF
:10B4640044F4807487E744F4207484E71F4682E739
:10B47400A6F16302122A00F2D880DFE812F013006A
:10B484004D00D600D600D600D6004D00D600D6001A
:10B49400D600D600D600E800D100D600D6001A00A7
:10B4A400D600A0005AF8043B012704AE8DF81030F2
:10B4B400BAE75AF8046B784B002E08BF1E4614F006
:10B4C400400F304614BF39464FF0FF3101F054FDB0
:10B4D4000746A9E741462020009B984700280FDB38
:10B4E400013CA742F6D34D44A1462D1B9EE74C4692
:10B4F400F7E7414614F8010B009B9847002898DAB7
:10B5040098F8023043F0040388F802304FF0FF3516
:10B5140028460BB0BDE8F08F220630D5A3052AD506
:10B524000AF1070A2AF007039A4659685AF8080BE1
:10B5340024F0100B00291FFA8BFB2FDA40424BF446
:10B54400806B61EB410104AC0A23224601F020FD2B
:10B554001BF0400FA0EB040200F08E802BF00104DE
:10B564009742A4B240F38F80002E40F08E802BF0DF
:10B574001104A4B21DE05AF8040BC117D8E7E00582
:10B584005AF8041B01D40846F7E7A20547BF48B29E
:10B5940041F3C01108B241F3C031C9E750EA0103D5
:10B5A400D1D16306CFD5002FCDD124F011043A4672
:10B5B400A4B23B4640F206410C4262D124E024F09E
:10B5C40010040A23A4B214F0800243D014F40071CE
:10B5D40017BF0AF1070A5AF8040B2AF00702924629
:10B5E4001CBF51685AF8080B50EA01023ED124F0FE
:10B5F400160B62061FFA8BFB3CD5002F3AD124F0C0
:10B6040017043A463B46A4B221075AD4E10705D5AC
:10B61400994572DDA9EB03039F184B469B464AE00C
:10B6240044F0100410237826CDE7782B04D1C6F11A
:10B63400780343F01003C6E741462520009B984752
:10B644000028FFF65DAF02354146304670E6082318
:10B654000026B8E714F480715AF8040BC4D014F42B
:10B6640000711ABFC0B2114680B2BDE724F00604CF
:10B674001FFA84FB04AC68E713465C46E10699D5DF
:10B684002EB90133C0E71346F8E73B46F6E7023329
:10B69400BAE700BF321901088BEA0008CDE902328B
:10B6A40041462020009B98470028FFF629AF0BF164
:10B6B400010BDDE90232D945F0DCEB1A03EB0B0593
:10B6C4005B46E10627D541463020CDE90232009B96
:10B6D40098470028FFF614AFDDE902327EB9013540
:10B6E4002F44791B8A4229DB144604AE94BB2A44B6
:10B6F400A9EB03091546914440E017468EE702354D
:10B7040041463046CDE90232009B98470028DDE9E6
:10B714000232E5DAF4E640F206410C42E0D014F0DD
:10B72400020F05F10105414614BF2B20202014F41B
:10B73400806FCDE9023218BF2D20E5E7CDE9023252
:10B744004146009B3020013598470028DDE902324C
:10B75400C7DAD5E6013C4146CDE90232305D009BB3
:10B7640098470028DDE90232C0DAC9E641462020C4
:10B77400009B013598470028FFF6C2AEA9EB0503EC
:10B78400002BF3DCD9E500BF7047012806D004285C
:10B7940006D002280CBF0420012070470220704705
:10B7A4000320704708B5F5F737FB013018BF0120B7
:10B7B40008BD30B595B00546F5F72AFB0446B8B187
:10B7C4004368ABB10021482202A801F0CDFB284612
:10B7D40002A9F5F77BFE48B964684FF47A72CDE9A3
:10B7E40000000023204602A9F9F75AFD15B030BD28
:10B7F4006FF01200FAE708B1F5F7E6BD7047017083
:10B80400090A41707047C1F307230170090C817064
:10B81400090A4370C17070470068704730B5049DD1
:10B8240095B1072810D80F290ED83F2A0CD89DF8B7
:10B834000C4044EA032343EA024242EA815141EACA
:10B8440080602860002030BD6FF01500FBE769B10F
:10B85400C0F382630B70C0F383534B70C0F3054392
:10B864008B70030A0871CB70002070476FF01500CD
:10B874007047FCF79DBFFDF763B8F0B50446A0F12F
:10B884001C064FF0FF324FF0FF33304687B0FFF70E
:10B89400F0FF14F8085CCDB30C21A4F5D07754F86C
:10B8A400043C1F2B01D900250BE003F1010C01FB23
:10B8B40003731A1D9B88BBB107CA8DE8070044F8BF
:10B8C40004CC3046FFF7D7FF397814F8072C75B14C
:10B8D4006846F5F763FF4FF47A720023204607B0F9
:10B8E400BDE8F040FDF7F4BC44F804CCD7E703A866
:10B8F400C0E901550395F5F751FF4FF0FF324FF0C2
:10B90400FF333046FFF7B5FF04F8085C304607B054
:10B91400BDE8F040FFF7AFBF38B504460D46F5F774
:10B9240077FA30B12A462146BDE838400078F5F769
:10B934009DBF6FF0120038BD00EBC1004088400885
:10B9440070472DE9F04706460D46174698462BB337
:10B954004FF0000A98F8004093F80190DB78A400B7
:10B9640004EB430498F802301C444444CA4509D308
:10B9740039463046AC46D8F8042008F10803BDE83F
:10B98400F047604714F8013B0AF1010A204648F8E1
:10B994002340F4F76FFC01300444E7E76FF015002F
:10B9A400BDE8F08730B502460024002012F8013BC0
:10B9B40043B178B18C4207D1702B04D0A3F1400578
:10B9C4003A2D07D8002030BDA3F140053A2D01D807
:10B9D4000134EAE7252B08BF80F00100E6E70020E8
:10B9E400704700F031BA0FB407B504A951F8040B3D
:10B9F400019100F029FA03B05DF804EB04B070473C
:10BA0400002383F31188BFF36F8F0423184602DFEA
:10BA140070470FB407B504A951F8040B0191FFF75F
:10BA2400E0FF03B05DF804EB04B0704710B50369A0
:10BA3400024613F0080009D11368D4689C429BBFE6
:10BA44000120526AE31AD31A0B6010BD0023184672
:10BA5400FAE713B501A90446FFF7E8FF20B1019BFB
:10BA6400E268013B13440193606A019BC01A0138E8
:10BA740002B010BD10B5044650182269636AD2079B
:10BA840002D5013B184010BD984228BFC01AFAE7FE
:10BA940010B504460A46C168FFF7ECFF2369E0606D
:10BAA40023F00803236110BD38B50D46026A8B00EC
:10BAB400016843F00203044642F8213001682A4633
:10BAC400FFF7D8FFE3686168984208BF23692060E4
:10BAD40008BF43F008032A46204608BF2361FFF746
:10BAE400C9FF606038BD2DE9F74F0F460021D0F83B
:10BAF4000CB0066A009216F82B209A4602F0030254
:10BB0400022A14BF894656F82B2006EB8B030193B7
:10BB1400009B08BFC2F39D0919600446CAF80010CF
:10BB2400B9F1000F07D04946FFF7B2FFE368A360FD
:10BB34004FF0010804E001698A0705D44FF00008BA
:10BB4400404603B0BDE8F08FC16906EB8B0088471F
:10BB540016F82B10054611F00108EFD08B071DD500
:10BB64001FB139462046FFF79FFF61682A462046E9
:10BB7400FFF780FFD4E902138B42606007D12A46A5
:10BB84002046FFF777FF4FF000080146A0602369C5
:10BB9400216043F00803E1602361D1E701462046B8
:10BBA400FFF776FFE168A1601FB12068216A41F8C0
:10BBB4002090EA19CAF8002021682046FFF75AFFAE
:10BBC4002269206042F00802226116F82B2022F03C
:10BBD400010206F82B20DDE900321A60A8E770B5EF
:10BBE40004461546FFF746FF2368834205D12369BF
:10BBF400216023F00803236170BD226AAB0043F087
:10BC0400020342F8213061682A462046FFF732FFDA
:10BC14006060F1E738B5036904465B0706D5856AB9
:10BC2400FFF717FF85422CBFA562A06238BD70B52F
:10BC340006460C888888241A3069A4B2844285B2E6
:10BC440024BF641BA4B22D1BA8B2984228BF184677
:10BC54003368234413600B8803440B8070BD70B4B5
:10BC6400838985880669ED1AADB2731B934228BF98
:10BC7400134670BC0A46011DFFF7D9BF70B40E46C7
:10BC84000146C58831F80A3FEC1AA3B2934228BF93
:10BC94001346324670BCFFF7CABF10B54B880C88F8
:10BCA400E41AA4B294420ED31A4492B28B884A8006
:10BCB4000A800069D21A92B2824201D2002010BDD9
:10BCC40003448B80FAE76FF01500F8E77047F0B58E
:10BCD400406802F4C04544680120B5F5804F00FA7D
:10BCE40001F07BD10729C2F3432561D890FAA0F370
:10BCF400B3FA83F30F27266A9B0007FA03F326EAB5
:10BD0400030690FAA0F3B3FA83F39B0005FA03F356
:10BD1400334323626568C2F3C0338B4025EA0001D4
:10BD24000B43636090FAA0F1B1FA81F10326A56890
:10BD3400490006FA01F125EA010590FAA0F1B1FAE9
:10BD440081F1C2F3014349008B4090FAA0F1B1FAAA
:10BD540081F12B43A360E568490006FA01F125EA65
:10BD6400010590FAA0F1B1FA81F1C2F381434900CF
:10BD74008B402B43E360E36A91024CBF034383434C
:10BD8400E36290FAA0F3B3FA83F390FAA0F00325E8
:10BD9400B0FA80F021685B0005FA03F34000C2F3B7
:10BDA400413221EA030382401A4322600020F0BD9D
:10BDB400030A93FAA3F6B6FA86F693FAA3F34FF0BE
:10BDC4000F0CB3FA83F3676AB6000CFA06F69B000D
:10BDD40027EA06069D40354365629BE7B5F5005F9B
:10BDE400A0D16668C2F3C03505FA01F126EA000560
:10BDF40029436160002B95D0D5024CBFA061A0629D
:10BE040090E703785B075FBF03684288C3F34A2364
:10BE140003EB12105DBF173020F0070080080020EC
:10BE24007047002070470346D3E8EF0F421CC3E875
:10BE3400E12F0029F8D1704708B501F06BF80A2208
:10BE44000023F4F7FDF908BD1FB50023CDE9020175
:10BE54001A4619461846CDE90033F7F785FB05B0B5
:10BE64005DF804FB0120F7F757B8002070474368DA
:10BE7400DA7101224368196043685A71F7F73EB8D2
:10BE840070B515460C4669B1D2E901369B1B99423F
:10BE94000AD813680A460146981901F058F8AB68A5
:10BEA4002344AB60204670BD6FF01B00FBE770B508
:10BEB4000E4615461946044618B9BDE87040F7F712
:10BEC4002BB833B1C2F34A231030120D184401F0D9
:10BED4003EF8C4E900562046BDE87040F7F790BA32
:10BEE4002DE9F3415F1C4FEA8708064608F1170065
:10BEF40020F0070080080C461546F7F7B9F8002330
:10BF04008DF80470ADF805308DF8073068B103463C
:10BF1400019AA8F1040143F8102F2A46294452F843
:10BF2400045B8A4243F8045FF9D100233146A2013D
:10BF340002F4E07242EA482222F07F4222F47002C4
:10BF440022F03F0202B0BDE8F041FFF7B0BF07B5F1
:10BF54000123019201AAFFF7C3FF03B05DF804FBBC
:10BF640007B5CDE9002302236A46FFF7B9FF03B002
:10BF74005DF804FB1FB5CDE90123069B01AA0393D9
:10BF84000323FFF7ADFF05B05DF804FBF8B50646E3
:10BF94000D4614461F4604B9F8BD214628463A46C4
:10BFA400B047241A0544F6E710B542680446D2E9BE
:10BFB400002381680068FFF7E9FF002263681A60C4
:10BFC40010BD0A2838B504460D4602D10D20F7F7F6
:10BFD40069FB29462046F7F765FB002038BD2DE9AB
:10BFE400F043054689B008460E8891F800900C4647
:10BFF400D1F808801746F7F729FB011EC6F382160D
:10C00400C9F3C2091FDB4846F7F70CFA0346214679
:10C0140051F8102B6088C2F34A22002A01EB020473
:10C0240008BF00210022C0F30B10CDE90507CDE9BC
:10C03400031428464146CDE900220296F7F75EFB39
:10C0440009B0BDE8F0830023E1E7436800201B68E2
:10C054005B681961704701212DE9F04143681B6851
:10C064005A6811751D682F68D5E90136D3E900486F
:10C074001CB96B681C60BDE8F0812146304642461D
:10C08400B847241A0644F3E743681B681868F7F7AF
:10C094009BBC70B543680C461D686B681869F6F75D
:10C0A40017FF214603460F222868BDE87040184751
:10C0B40000F05ABF00F04BBF01460068F7F780BD9F
:10C0C40008B5F7F7D9FDBDE80840F8F755B90A46B1
:10C0D4000121FFF73CBF00210120F7F771BD036E7A
:10C0E40083F30B8870476FF08500704761B662B6C2
:10C0F40080F31188BFF36F8F704772B6002383F308
:10C104001188BFF36F8FBFF34F8F30BF62B6BFF399
:10C114006F8F704740E800F313F4803FD8B208BF34
:10C124006FF01500704730B50C684B6885B00A890C
:10C134004D890094013B24F01F04234402F01F02A4
:10C1440042EA451223F01F0369468DF80820039341
:10C15400F8F7C2F905B030BD08B5D1E90431984704
:10C16400002008BD08B5F8F73DFC002008BD10B557
:10C174000A44914200D110BD11F8013B434083EAC7
:10C184000313DBB2DC0084EA032484EA102080EA8F
:10C194001310EEE713460A460121FFF7E1BE002023
:10C1A40008B50B21F8F716FD024601460B20F8F7F7
:10C1B40045F800220C210120F8F70CFD11460C2053
:10C1C400F8F73CF800220D210220F8F703FD114690
:10C1D4000D20F8F733F800220E210320F8F7FAFCBB
:10C1E40011460E20F8F72AF800220F210420F8F750
:10C1F400F1FC11460F20F8F721F800221021052048
:10C20400F8F7E8FC11461020F8F718F8002211217D
:10C214000620F8F7DFFC11461120F8F70FF800228A
:10C2240012210720F8F7D6FC11461220F8F706F879
:10C23400002213210820F8F7CDFC11461320F7F74C
:10C24400FDFF002214210920F8F7C4FC1146142034
:10C25400F7F7F4FF002215210A20F8F7BBFC11467A
:10C264001520F7F7EBFF002216210B20F8F7B2FC9C
:10C2740011461620F7F7E2FF002217210C20F8F7E9
:10C28400A9FC11461720F7F7D9FF002218210D2029
:10C29400F8F7A0FC11461820F7F7D0FF0022192167
:10C2A4000E20F8F797FC11461920F7F7C7FF002274
:10C2B4001A210F20F8F78EFC11461A20F7F7BEFF5B
:10C2C400002008BD012001F01F018840704710B50F
:10C2D4000F24C20000F00C0000F1884000F5083083
:10C2E400036E02F01802944023EA040391400B43C6
:10C2F400036610BD70B503880C889C4226D8148848
:10C304009C4223D344884D88A5421FD85588A54212
:10C314001CD385888C88AC4218D89488AC4215D339
:10C32400C488CE88A64211D8D688A6420ED30089E6
:10C33400098981420AD81289824207D3AB4205D8BF
:10C34400A3428CBF6FF08500002070BD6FF08500A4
:10C35400FBE710461161FCF7C7BB10B44468A4693D
:10C36400A468A44610BC604710B44468A469E46897
:10C37400A44610BC604743689B691B691847FFF7D4
:10C38400E6BD13460A460121FFF7EABDFCF710BAE1
:10C39400FCF7D6BA2DE9F743054606694FF0FF329C
:10C3A40010364FF0FF333046FFF7F0FF18212846D0
:10C3B40001AAF9F791F9044670BB019A182142F0D9
:10C3C400010228460192F9F79DF9044620BB00F0CA
:10C3D400A1FD01AA0746884628461821F9F77CF9E9
:10C3E4000446C8B940F2E939019BDB0714D400F0D4
:10C3F40091FDC01B61EB0801484571F1000112DB9E
:10C40400019A182122F0010228460192F9F77AF9DB
:10C41400041E08BF6FF00A043046FFF7B9FF204638
:10C4240003B0BDE8F0831821284601AAF9F754F9AE
:10C434000028D9D00446EFE7F8B5056906462B79FC
:10C444000F46002B3CD110354FF0FF324FF0FF3335
:10C454002846FFF79BFFB988FC884B1E013C24014A
:10C464001B0203F4F85304F0F0041C433B883A899C
:10C47400013B03F00F031C43531E18049BB200F44A
:10C48400F810012B44EA00040FD87B8830460B4493
:10C4940003FB02227F2A28BF7F2248211202F9F7D8
:10C4A40031F9074638B944F4000422460C213046D9
:10C4B400F9F728F907462846FFF76AFF3846F8BD1A
:10C4C4006FF00F07FAE7072300200B607047F7B5FA
:10C4D400064615460C4649B1442101AA0769F9F7F5
:10C4E400FBF878B93B797BB904232370D5B140219B
:10C4F400304601AAF9F7F0F820B9019B2B70C3F379
:10C5040006236B7003B0F0BD019B190601D503230C
:10C51400EBE79A0601D50223E7E713F0400318BFBF
:10C524000123E2E72846EDE74368DB6909B1987B1C
:10C534007047587B70470369C3E90212704737B5E7
:10C54400044605694FF0FF32103528464FF0FF339B
:10C55400FFF71CFF1821204601AAF9F7BDF838B9E6
:10C56400019A182142F0020220460192F9F7CAF812
:10C574002846FFF70DFF03B030BD002208B5114671
:10C584002720F7F75BFE2720F7F74AFE0022282032
:10C594001146F7F753FEBDE808402820F7F740BEE0
:10C5A40070B5436808465E6C0D461446FAF7E8F920
:10C5B4004FF6FF73984235D0582D1DD016D825F06C
:10C5C4000405502D14D1A309E20802F4784203F4BF
:10C5D4007F03134304F001021343A20802F4FE6232
:10C5E4006408134304F00E041C4301E0802D10D0B2
:10C5F4003368C450002070BD04F0D003003B18BF62
:10C60400012314F00D0F4FEA430309D043F0010452
:10C61400EEE704F03F0444F0016444F44024E7E707
:10C624001C46E5E76FF08500E5E770B5436808460A
:10C634005E6C0C461546FAF7A3F94FF6FF73984261
:10C644002DD03368582CC3581CD016D824F00404B9
:10C65400502C14D19901DA0002F4F82201F07F5130
:10C66400114303F0010211439A0002F4FE525B00ED
:10C67400114303F01C030B4301E0802C0CD02B600E
:10C68400002070BD13F0020218BFD022DB0748BFA0
:10C6940042F00D022A60F3E703F03F03EFE76FF087
:10C6A4008500EEE70B8882B0C3F30B0303F67872C0
:10C6B400C2F30B02202A14D803F1884303F5033391
:10C6C4001A684868024300201A600B88C3F30B03FE
:10C6D40003F1884303F503331B680193019B02B004
:10C6E40070476FF08500FAE70B88C3F30B0303F67A
:10C6F4007872C2F30B02202A9FBF03F1884303F52B
:10C7040003331A6849689BBF00208A436FF0850091
:10C714001A607047431E032B06D907380D2834BF0F
:10C7240000206FF0850070470020704770B50888BE
:10C734004A68C0F30B0094B2C2F30445FFF7EAFF62
:10C74400A0B9FF2A11D00123C2F3415604F1884154
:10C75400013601F50331B3400C68013BAB40120EC6
:10C7640024EA0303AA4013430B6070BD6FF08500F5
:10C77400FBE7088808B5C0F30B0000F67873C3F331
:10C784000B03202B0AD800F1884000F5033002681F
:10C794004B6893430CBF0220012008BDFFF7BAFF8A
:10C7A40000280CBF02200120F7E70A2810B5044630
:10C7B40002D10D20FAF708FCE0B2FAF705FC204696
:10C7C40010BD436800205B681B690B6070474368B9
:10C7D4005B68586942400A4042405A6100207047F1
:10C7E400436800205B6899617047436800205B6878
:10C7F40099627047436800205B685A6951405961E7
:10C804007047F8B512F400340D46076902F030069B
:10C814001DD0940718D551073BD54FF4204413037A
:10C8240001D544F48014102E2ED144F4802412F443
:10C83400403611D0796821FA05F3DB075FBF012385
:10C84400AB400B437B6007E04FF40054E7E7D103B0
:10C85400E9D4F6B94FF4C04402F44023D201003BBA
:10C8640002F4403218BF012329462243FFF72FFA6E
:10C8740046B97B6823FA05F2D20741BF0122AA40D8
:10C8840093437B600020F8BD202E08BF44F40024AD
:10C89400CDE76FF08500F6E730B5036813600579DE
:10C8A400046804EBC504A34202D36FF0010030BD59
:10C8B4005C7908338C42F1D10020F8E7F8B50446DE
:10C8C40000EB8105AC4201D100200FE054F8046B69
:10C8D40006F01F00C6F34317F6F71CF938B101231D
:10C8E40032463946FFF7F3F90028EBDAF8BD6FF06A
:10C8F4001200FBE74368C1F34B101B6801F01F01F2
:10C90400C05801238B400340003B18BF0123002083
:10C914001370704710B54368C1F34B101A680123B4
:10C92400845801F01F018B4023438350002010BD25
:10C93400012210B54368C1F34B14186801F01F01BC
:10C9440023588A4023EA02032350002010BD38B53F
:10C9540004460D46FFF7DEFF29462046FFF7E8FFB1
:10C96400002038BDB0F5805F07D0B0F1805F09D1F9
:10C9740000290CBF02200120704700290CBF0420AD
:10C984000320704700290CBF03200220704743682E
:10C994001B68D869DA69C0F3C00002F0010240EAFA
:10C9A4004200DA699207DA6948BF40F0040051078F
:10C9B400DA6948BF40F02000D20542BF4FF48072CC
:10C9C40040F008001A62C10744BF08221A628207B5
:10C9D40044BF01221A62410744BF02221A6282063E
:10C9E40044BF04221A62704743681A6852E8003F41
:10C9F40043F0400342E800310029F7D1704743680F
:10CA04001A6852E8003F23F0400342E8003100294D
:10CA1400F7D1704743681A6852E8003F43F0200397
:10CA240042E800310029F7D1704743681A6852E898
:10CA3400003F23F0200342E800310029F7D170477A
:10CA440043681B68D869C0F3401070470369C3E9A1
:10CA540001127047026953680BB191681847704717
:10CA6400002208B53C201146F7F7E8FBBDE8084072
:10CA74003C20F7F7D5BB002208B53F201146F7F755
:10CA8400DDFBBDE808403F20F7F7CABB43681B68DD
:10CA9400D869C0F38010704743681B68D86910F0E8
:10CAA40080001CBF1868C0F38010704710B502697D
:10CAB400044612680B4612680A60426812681268DB
:10CAC40002F4C062B2F5806F33D0A2F5C060424276
:10CAD40042411A7162681268526802F44052B2F517
:10CAE400805F28D0B2F5405F27D0002A0CBF012216
:10CAF40003225A71626812681068116800F01020ED
:10CB040001F4C061FFF72EFF98716268002012687B
:10CB1400926802F44072A2F540714A424A41DA71C5
:10CB240061680968896811F4804F18BF0322DA71BB
:10CB340010BD0222CDE70022DBE70222D9E738B597
:10CB440043680C461B681868196800F0102001F44B
:10CB5400C061FFF707FF04281AD0D86910F08000DD
:10CB640015D0EFF31181102080F31288BFF36F8F7B
:10CB74000020151A002D06DDDD692D0603D5255C80
:10CB840001309D62F5E781F31188BFF36F8F38BDE3
:10CB94006FF08500FBE710B5436810201B68DA6965
:10CBA4001206FCD5EFF3118280F31288BFF36F8F66
:10CBB400DC69240604D482F31188BFF36F8FEEE797
:10CBC400996282F31188BFF36F8F10BD43681B68AD
:10CBD400DA69910602D51A68920607D4D86910F06A
:10CBE400400004D01868C0F38010704701207047DB
:10CBF40038B543680C461B681868196800F01020A3
:10CC040001F4C061FFF7AEFE04280FD00020082114
:10CC1400151A002D0CDDDD69AD0609D55D6A2554B4
:10CC2400DD6901302D07F3D51962F1E76FF0850056
:10CC340038BD43681B68DA69100744BF08221A62CA
:10CC4400DA69920643BF5B6A00200B704FF0FF3035
:10CC540070472DE9F8430C790369012C05460E460B
:10CC6400D0F804901F6815D0A4F1020CDCF1000880
:10CC740048EB0C084FEA882848467179FAF7C4FB58
:10CC8400B379022B09D0042B30D0231E18BF012303
:10CC94001B0306E04FF4C068EEE7B4FA84F35B09C3
:10CCA4001B07F279D9F80010012A0CBF4FF4407425
:10CCB4000024B7421DD10A6822F0805222F4B052F7
:10CCC40042EA08021A430A604B6823F440530343C0
:10CCD4004B606B6828461A68936823F440732343B7
:10CCE40093603968BDE8F843FAF7CCBB4FF480533E
:10CCF400D7E7D1F800C00CF4C06CE0451FBFD1F8F1
:10CD040000C02CF4C06C4CEA080CC1F800C069687F
:10CD1400D1F800C0DCF8041001F4405188421FBF70
:10CD2400DCF8041021F440510143CCF80410696884
:10CD34000868016801F010218B421FBF016821F0CF
:10CD440010210B4303606B6819688B6803F440730C
:10CD54009C421FBF8B6823F4407323438B606B6832
:10CD6400D41E1B68604299686041C1F380318842D7
:10CD740007D0032A9A680CBF42F4804222F480420E
:10CD84009A6031683B68994207D02846FAF77AFBE3
:10CD940008B933683B60BDE8F8830020FBE740B185
:10CDA400C368587810F001001EBF1878B0FA80F0FC
:10CDB40040097047EFF31183102383F31288BFF304
:10CDC4006F8FFEE713B501240094FBF759FB02B003
:10CDD40010BD90F90E308B4201D0FDF729B9002027
:10CDE400704703460020C3E90033C3E902007047DB
:10CDF4003AB18A4205D3C0E90212C0E9000000201A
:10CE040070476FF015007047012302688B4022EAD7
:10CE14000303036022FA01F000F00100704710B52B
:10CE240098B150F88C4F84420FD074B12046FBF770
:10CE340035FF04F11800FDF763FE0023A367636167
:10CE44002046BDE8104000F03AB810BDEFF305806D
:10CE5400003818BF012070476FF05700704700205A
:10CE64007047D0E9003213605A600023C0E90033F0
:10CE7400704738B504460D46FCF7C8FB237C43F0E5
:10CE840002032374D5B1A5602B689D4209D16B6858
:10CE9400C4E900531C606C6010E06A689A42F6D0E2
:10CEA4001B68002BF3D093F90E1094F90E209142D5
:10CEB400F3DD5A68C4E9003214605C6038BDFCF7E5
:10CEC40065BCFCF7A3BB10B5037C044613F0280F24
:10CED4000CD183680BB1FCF7C1FC237C204623F002
:10CEE40004032374BDE81040FCF750BC10BDFCF7EC
:10CEF40007BC08B5FDF71CFBBDE80840FDF738BBCF
:10CF0400EFF31180003818BF0120704708B5FDF712
:10CF1400ADFF08BDFDF7AABF30B5002300240025EE
:10CF2400C0E9081200F11802C0E90622C0E9003382
:10CF3400C0E904450363436330BD10B400F10C043D
:10CF4400C0E903440024446110BCF4F7BFBD0A44A3
:10CF5400431E914200D1704710B511F8014B914224
:10CF640003F8014FF9D110BD02440346934200D1A6
:10CF7400704703F8011BF9E70246014410B58A42E1
:10CF8400134603D01C780132002CF8D1181A10BDB6
:10CF9400F0B5C3F13707044603F01F031046FFB290
:10CFA400082BE6B232D0102B3DD06508A40845EA20
:10CFB400C17544EA81748A082D1942EB510229098A
:10CFC40041EA02716D1842EB1212290A41EA026128
:10CFD4006D1842EB1222290C41EA02416D1842EB12
:10CFE4001242AD1842F10002EC0844EA4274D1083E
:10CFF40004EB8402A6EB4205EDB2092D0CD90134F1
:10D00400A5F10A0541F10001EDB212E0E40806F0D1
:10D01400070544EA4174C908303554EA010200F8AE
:10D02400015BBDD1F0BD240906F00F0544EA01748B
:10D034000909092D84BFED19EDB2EDE7D1E90432F8
:0CD0440093421EBF5A1C0A61187070470E
:08D050003832FF7F01000000EF
:10D058000000000010D10008A12A0008000000000C
:10D068003DB2000800000000000000002CD10008BC
:10D07800000000000CD2000800000000F0D10008F9
:10D08800000000009CD100080000000080D10008CA
:10D098000000000044D2000800000000D4D10008BD
:10D0A8000000000028D2000800000000B8D10008E5
:10D0B8000000000064D100080000000048D100080A
:10D0C800A3C1000800000000000000007CD2000896
:10D0D8000000000060D20008257000080000000071
:10D0E800E97B000800000000952D00080000000002
:10D0F800114A0008000000000000000098D2000853
:08D10800F51B00080000000007
:10D11000260801080000000050D70008F200002097
:10D1200000000000856D000800000000BC08010838
:10D130000CDB000840D70008F400002000000000CD
:10D1400000000000000000008CEE0008D0D80008AD
:10D150001CD70008DC0000200C150020B52A0008B0
:10D16000000000009AEE0008E4D800081CD7000870
:10D17000DE0000201C150020B52A00080000000079
:10D18000A8EE0008F8D800081CD70008E00000202E
:10D190002C150020B52A000800000000B6EE00089B
:10D1A0000CD900081CD70008E20000203C15002024
:10D1B000B52A000800000000C4EE000820D90008CD
:10D1C0001CD70008E40000204C150020B52A0008F8
:10D1D00000000000D2EE000834D900081CD7000877
:10D1E000E60000205C150020B52A000800000000C1
:10D1F000E0EE000848D900081CD70008E80000202D
:10D200006C150020B52A000800000000EEEE0008B2
:10D210005CD900081CD70008EA0000207C1500201B
:10D22000B52A000800000000FCEE000870D90008D4
:10D230001CD70008EC0000208C150020B52A00083F
:10D240000000000028FB00080000000000000000B3
:10D25000EE00002000000000354A00080000000039
:10D26000CE0B010810DB00086CD70008F600002088
:10D27000800000205178000800000000DE0B01084B
:10D280005CDB00086CD70008F80000209400002048
:10D2900051780008000000000D0801085CDA000861
:10D2A000C0D60008F000002034000020C16A000849
:04D2B000000000007A
:10D2B40000000000DBC0000800000000DBC0000824
:10D2C40000000000DBC0000800000000DBC0000814
:10D2D40000000000DBC0000800000000DBC0000804
:10D2E40000000000DBC0000800000000DBC00008F4
:10D2F40000000000DBC0000800000000DBC00008E4
:10D3040000000000DBC0000895190108354B000837
:10D3140093190108354B000891190108354B000891
:10D324008F190108354B00088D190108354B000889
:10D334008B190108354B000889190108354B000881
:10D3440087190108354B000885190108354B000879
:10D3540083190108354B000881190108354B000871
:10D364007F190108354B00087D190108354B000869
:10D374007B190108354B000879190108354B000861
:10D3840077190108354B000800000000DBC00008D5
:10D3940000000000DBC0000800000000DBC0000843
:10D3A40000000000DBC0000800000000DBC0000833
:10D3B40000000000DBC0000800000000DBC0000823
:10D3C40000000000DBC0000800000000DBC0000813
:10D3D40000000000DBC0000800000000DBC0000803
:10D3E40000000000DBC0000898D200087D5C000843
:10D3F40098D20008FD5B000800000000DBC00008B4
:10D4040000000000DBC0000800000000DBC00008D2
:10D4140000000000DBC0000800000000DBC00008C2
:10D4240000000000DBC0000800000000DBC00008B2
:10D4340000000000DBC0000800000000DBC00008A2
:10D4440000000000DBC0000800000000DBC0000892
:10D4540000000000DBC0000800000000DBC0000882
:10D4640000000000DBC0000800000000DBC0000872
:10D4740000000000DBC0000800000000DBC0000862
:10D4840000000000DBC0000800000000DBC0000852
:10D494007CD2000859CA000800000000DBC0000864
:10D4A40000000000DBC0000860D2000859CA000870
:10D4B40000000000DBC0000800000000DBC0000822
:10D4C40000000000DBC0000800000000DBC0000812
:10D4D40000000000DBC0000800000000DBC0000802
:10D4E40000000000DBC0000800000000DBC00008F2
:10D4F40000000000DBC0000800000000DBC00008E2
:10D5040000000000DBC0000800000000DBC00008D1
:10D5140000000000DBC0000800000000DBC00008C1
:10D5240000000000DBC0000800000000DBC00008B1
:10D5340000000000DBC0000800000000DBC00008A1
:10D5440000000000DBC0000800000000DBC0000891
:10D5540000000000DBC0000800000000DBC0000881
:10D5640000000000DBC0000800000000DBC0000871
:10D5740000000000DBC0000800000000DBC0000861
:10D5840000000000DBC0000800000000DBC0000851
:10D5940000000000DBC0000800000000DBC0000841
:10D5A40000000000DBC0000800000000DBC0000831
:10D5B40000000000DBC0000800000000DBC0000821
:10D5C40000000000DBC0000800000000DBC0000811
:10D5D40000000000DBC0000800000000DBC0000801
:10D5E40000000000DBC0000800000000DBC00008F1
:10D5F40000000000DBC0000800000000DBC00008E1
:10D6040000000000DBC0000800000000DBC00008D0
:10D6140000000000DBC0000800000000DBC00008C0
:10D6240000000000DBC0000800000000DBC00008B0
:10D6340000000000DBC0000800000000DBC00008A0
:10D6440000000000DBC0000800000000DBC0000890
:10D6540000000000DBC0000800000000DBC0000880
:10D6640000000000DBC0000800000000DBC0000870
:10D6740000000000DBC0000800000000DBC0000860
:10D6840000000000DBC0000800000000DBC0000850
:10D6940000000000DBC0000800000000DBC0000840
:10D6A40000000000DBC0000800000000DBC0000830
:08D6B40000000000DBC00008CB
:04D6BC008DB2000823
:10D6C000CBC40008F559000865630008415B0008F9
:10D6D000915900086D5E000899610008AD6200086C
:10D6E000D3C400083BC50008416C00082DC50008E4
:10D6F00001000000020002000100800000000001A3
:10D70000800000023DC4000801000000010001008B
:10D7100001001000000020001000200007C80008D1
:10D72000C7C70008D3C70008E5C70008EFC700084F
:10D73000F9C70008F17000084D70000800000000F3
:10D74000F9C8000819C9000835C9000853C90008FC
:10D75000A9C60008EDC6000800000000A56C00087E
:10D7600077C700080000000031C7000837CC000868
:10D770009BCB000893C900088D760008B1CA000849
:10D7800043CB0008F5CB0008EDC9000803CA000828
:10D790009DCA000819CA00082FCA000891CA0008CB
:10D7A00045CA0008F571000801730008D1CB0008D4
:08D7B0000000000051CA00084E
:10D7B8007CFC0008030000005DFD00080300000079
:10D7C800E3050108030000001A080108030000002F
:10D7D800CEEB00080300000088E300080300000007
:10D7E80070E600080300000083E80008030000005A
:10D7F80003E700080300000076E7000803000000C4
:10D8080009E600080300000040E6000803000000E5
:10D818001EDD0008030000005ADD000803000000B8
:10D8280046FB000803000000CEF0000803000000DB
:10D83800D2F0000803000000DAF20008030000003C
:10D848004EDC00080300000010F900080300000087
:10D8580060DD000803000000C8E9000803000000BC
:10D868005AEF00080300000082FC000803000000D3
:10D8780046EF0008030000000AEF0008030000005C
:10D8880092EC0008030000009DE20008030000007D
:08D89800EE0B01080300000083
:10D8A0000CDA00081C000020C9F20008010000008A
:10D8B0000300000098D200080101000000FF0000F2
:10D8C00000FF000001000000A800000002000000AE
:10D8D000FFFF000000200242080000008C00000052
:10D8E00000010000FFFF0000001C024207000000D2
:10D8F0008C00000080000000FFFF000000180242C2
:10D90000060000008C00000040000000FFFF000047
:10D9100000140242050000008C00000020000000FE
:10D92000FFFF000000100242040000008C00000015
:10D9300010000000FFFF0000000C02420300000086
:10D940008C00000008000000FFFF000000080242F9
:10D95000020000008C00000004000000FFFF000037
:10D9600000040242010000008C00000002000000E0
:10D97000FFFF000000000242000000008C000000D9
:10D980000100000028D200080CD20008F0D10008E5
:10D99000D4D10008B8D100089CD1000880D100087B
:10D9A00064D1000848D10008100C002000010000DC
:10D9B00069BE000807BE000802000000E3BF0008BF
:10D9C0000000000000000000000000000000000057
:10D9D00051F2000859F200080000000000000000A9
:10D9E0000000000061F2000865F2000869F200081A
:10D9F0006DF20008FCD90008C8150020513A000853
:10DA0000E0150020381800200100000097C0000831
:10DA10008DC000085BC00008C13A0008000000008B
:10DA20004FC00008000000000000002000000000BF
:10DA300006000100020000003CDA000800000008B7
:10DA4000C0FA000806000000E0FF1F0800000020E8
:10DA5000C8FA000821000000E0FF032000000000D9
:10DA60000000000000127A0020A107000000000062
:10DA700080841E00F8DA0008D0DA000800001C00DC
:10DA80000800030003000000030003000000000082
:10DA90007000B0008801600260027802500300004C
:10DAA000A4DA000800A4004000AC0040020000001E
:10DAB000C0DA00087FC50008E0DA000802000000B4
:10DAC000A00000000002000012000000E800280290
:10DAD000B8170020D816002098160020031C080054
:10DAE000E8DA000801000000F0DA00080200000097
:10DAF00003520000235200002FC60008A5C50008ED
:10DB0000AD680008D967000831670008000C0244BE
:10DB10000024004410D100082CD100080610000099
:10DB20003CDB0008010000000000000000000000D5
:10DB30000000000044DB00087BCA0008A8000000C9
:10DB4000400000004CDB00080100000054DB00082E
:10DB500002000000C1500400E150000000480040F5
:10DB600010D100082CD10008920E000088DB0008BC
:10DB700001000000000000000000000000000000A4
:10DB800090DB000865CA00089C000000000004004B
:10DB900098DB000801000000A0DB00080200000084
:10DBA000034F0400234F0000BB0D0108C90D0108FD
:10DBB000DD0D0108EC0D0108F80D010858D0000832
:10DBC00058D00008E8D00008F0D0000808D10008BC
:10DBD00010D1000829190108000100008813000075
:10DBE000010002000400060008000A000C001000FA
:10DBF0002000400080000001000100010001000140
:10DC00005374617274696E672044454F53204D61AF
:10DC1000696E2053544D33322047617465776179C2
:10DC20002E2E2E0043414E20646576696365206E7A
:10DC30006F742072656164790044454F5320696EAA
:10DC40006974206661696C65643A202564006D61C1
:10DC5000696E5F6E6F6465005465787475616C20E1
:10DC600052582054687265616420737461727465DF
:10DC700064005465787475616C2054582071756522
:10DC800075652066756C6C2C2064726F7070696E9F
:10DC900067206D657373616765005465787475619D
:10DCA0006C205458205468726561642073746172EA
:10DCB000746564005465787475616C2054583A201A
:10DCC00053656E64696E67206D6573736167652067
:10DCD00028436D643A2030782530325829202D2091
:10DCE00050524F4F46204F462044454F5320524FED
:10DCF0005554494E4721005465787475616C204530
:10DD0000746865726E657420696E746572666163AD
:10DD10006520696E697469616C697A65640065740F
:10DD2000685F7465787475616C006D6963726F2DDE
:10DD3000524F532045746865726E657420696E7425
:10DD400065726661636520696E697469616C697A80
:10DD500065642028544F444F29006574685F7572CC
:10DD60006F7300574553545F544F504449522F7AB4
:10DD700065706879722F696E636C7564652F7A655A
:10DD8000706879722F647269766572732F7561722B
:10DD9000742F756172745F696E7465726E616C2E3A
:10DDA000680064657620213D202828766F6964200C
:10DDB0002A29302900415353455254494F4E204699
:10DDC00041494C205B25735D20402025733A256432
:10DDD0000A0009646576696365206973204E554CB5
:10DDE0004C0A00287B2065787465726E207374720B
:10DDF00075637420756172745F6472697665725FB1
:10DE0000617069205F756172745F647269766572B2
:10DE10005F6170695F6C6973745F73746172745B66
:10DE20005D3B2065787465726E20636F6E7374203D
:10DE300075696E74385F74205F756172745F6472A7
:10DE4000697665725F6170695F6578745F656E643D
:10DE50005B5D3B202828636F6E73742075696E7458
:10DE6000385F74202A292828636F6E7374207374B6
:10DE70007275637420756172745F6472697665721D
:10DE80005F617069202A296465762D3E6170692979
:10DE9000203C205F756172745F6472697665725FA1
:10DEA0006170695F6578745F656E6420262620283E
:10DEB000636F6E73742075696E74385F74202A29DD
:10DEC0002828636F6E737420737472756374207581
:10DED0006172745F6472697665725F617069202A2D
:10DEE000296465762D3E61706929203E3D202863B6
:10DEF0006F6E73742075696E74385F74202A295FA1
:10DF0000756172745F6472697665725F6170695F72
:10DF10006C6973745F7374617274293B207D29008E
:10DF20000964657669636520415049206973206EF4
:10DF30006F742025730A00574553545F544F504463
:10DF400049522F7A65706879722F696E636C7564B7
:10DF5000652F7A65706879722F647269766572735D
:10DF60002F6770696F2E6800706F727420213D20DA
:10DF70002828766F6964202A29302900287B2065AB
:10DF8000787465726E20737472756374206770693B
:10DF90006F5F6472697665725F617069205F677038
:10DFA000696F5F6472697665725F6170695F6C69E1
:10DFB00073745F73746172745B5D3B206578746524
:10DFC000726E20636F6E73742075696E74385F743F
:10DFD000205F6770696F5F6472697665725F6170F8
:10DFE000695F6578745F656E645B5D3B20282863BC
:10DFF0006F6E73742075696E74385F74202A2928D7
:10E0000028636F6E73742073747275637420677005
:10E01000696F5F6472697665725F617069202A2931
:10E02000706F72742D3E61706929203C205F6770AB
:10E03000696F5F6472697665725F6170695F657848
:10E04000745F656E642026262028636F6E737420CB
:10E0500075696E74385F74202A292828636F6E737F
:10E060007420737472756374206770696F5F647273
:10E07000697665725F617069202A29706F72742DEC
:10E080003E61706929203E3D2028636F6E737420C5
:10E0900075696E74385F74202A295F6770696F5FD5
:10E0A0006472697665725F6170695F6C6973745FD1
:10E0B0007374617274293B207D29006770696F0059
:10E0C000286366672D3E706F72745F70696E5F6D56
:10E0D00061736B202620286770696F5F706F7274A0
:10E0E0005F70696E735F74292831554C203C3C2069
:10E0F0002870696E29292920213D203055000955B5
:10E100006E737570706F727465642070696E0A004A
:10E110004C6F5261205258205468726561642073BC
:10E120007461727465642077697468204672616DE9
:10E13000696E6720616E642041434B205375707097
:10E140006F72742100756172745F6C6F72613A2036
:10E1500053656E742041434B20666F722076616C6C
:10E160006964207061636B657420284352432030DA
:10E1700078253034582900756172745F6C6F726154
:10E180003A20525820535543434553532028467252
:10E19000616D656429212050757368696E6720433D
:10E1A0006D643A2030782530325820746F20526FD9
:10E1B000757465722E2E2E00756172745F6C6F72AD
:10E1C000613A20435243206D69736D617463682125
:10E1D0002043616C633A203078253034582C20522B
:10E1E000783A20307825303458004C6F52612054F2
:10E1F000582071756575652066756C6C2C2064728D
:10E200006F7070696E67206D657373616765004C30
:10E210006F52612054582054687265616420737491
:10E2200061727465642077697468204672616D69F3
:10E230006E67004C6F5261205541525420646576E0
:10E24000696365206E6F742072656164792100676F
:10E2500070696F6720666F72204D30206E6F74207A
:10E260007265616479006770696F6520666F7220FE
:10E270004D31206E6F74207265616479004C6F526D
:10E2800061205541525420696E7465726661636500
:10E2900020696E697469616C697A65640075617280
:10E2A000745F6C6F726100496E76616C6964206C9A
:10E2B0006F63616C206E6F64652049443A2030784A
:10E2C00025303258004661696C656420746F20699E
:10E2D0006E6974206661756C74206D616E6167652E
:10E2E00072004661696C656420746F20696E6974A0
:10E2F0002064697370617463686572004661696C5B
:10E30000656420746F20696E697420726F7574651E
:10E3100072004661696C656420746F20696E69746F
:10E3200020525820696E66726173747275637475D9
:10E3300072650044454F5320436F726520696E69D2
:10E340007469616C697A656420284E6F6465204940
:10E35000443A2030782530325829004661696C658E
:10E360006420746F20737461727420525820746832
:10E3700072656164730044454F5320436F7265209A
:10E38000737461727465640064656F735F636F7248
:10E390006500574553545F544F504449522F7A6596
:10E3A000706879722F696E636C7564652F7A657019
:10E3B0006879722F647269766572732F63616E2E4D
:10E3C0006800287B2065787465726E20737472759E
:10E3D00063742063616E5F6472697665725F6170F9
:10E3E00069205F63616E5F6472697665725F6170F8
:10E3F000695F6C6973745F73746172745B5D3B20F9
:10E4000065787465726E20636F6E73742075696EC3
:10E4100074385F74205F63616E5F647269766572E1
:10E420005F6170695F6578745F656E645B5D3B20FA
:10E430002828636F6E73742075696E74385F74205A
:10E440002A292828636F6E7374207374727563743D
:10E450002063616E5F6472697665725F61706920C6
:10E460002A296465762D3E61706929203C205F630E
:10E47000616E5F6472697665725F6170695F65780D
:10E48000745F656E642026262028636F6E73742087
:10E4900075696E74385F74202A292828636F6E733B
:10E4A00074207374727563742063616E5F64726943
:10E4B0007665725F617069202A296465762D3E61F8
:10E4C000706929203E3D2028636F6E737420756942
:10E4D0006E74385F74202A295F63616E5F647269AD
:10E4E0007665725F6170695F6C6973745F73746184
:10E4F0007274293B207D290044454F5320525820F7
:10E500005468726561642073746172746564004656
:10E5100061696C656420746F206465636F64652055
:10E520006672616D653A202564004661696C6564B8
:10E5300020746F207365742043414E2D4644206D36
:10E540006F64653A2025640043414E2D4644206D9A
:10E550006F6465206E6F7420737570706F72746570
:10E560006420627920686172647761726521004677
:10E5700061696C656420746F2061646420726F75DA
:10E580007465722052582066696C7465723A202551
:10E5900064004661696C656420746F206164642066
:10E5A0006C6F63616C2052582066696C74657220D0
:10E5B000666F72206E6F6465203078253032583A6D
:10E5C000202564004661696C656420746F20616475
:10E5D000642062726F6164636173742052582066B4
:10E5E000696C7465723A202564004661696C6564E3
:10E5F00020746F2073746172742043414E206465EF
:10E60000766963653A2025640064656F735F72788C
:10E61000004661696C656420746F20656E636F6489
:10E6200065206672616D653A2025640043414E2085
:10E6300073656E64206661696C65643A20256400C8
:10E6400064656F735F74780048616E646C657220F6
:10E6500072657475726E6564206572726F722025C2
:10E660006420666F7220436D643A2030782558002C
:10E6700064656F735F64697370617463680042728C
:10E680006F6164636173742050494E472066726FF6
:10E690006D203078253032582069676E6F7265645E
:10E6A00000496E76616C69642050494E4720706164
:10E6B000796C6F6164206C656E6774683A202564BC
:10E6C000004661696C656420746F2073656E642018
:10E6D000504F4E4720746F203078253032583A2002
:10E6E000256400496E76616C696420504F4E472066
:10E6F0007061796C6F6164206C656E6774683A2034
:10E7000025640064656F735F6E6574776F726B006C
:10E71000526F757465722066756E6374696F6E6191
:10E720006C69747920696E697469616C697A656471
:10E7300000526F757465723A2044726F7070696E22
:10E7400067206D65737361676520746F203078256D
:10E7500030325820284E6F2054582063616C6C6210
:10E7600061636B20666F72207472616E73706F727A
:10E7700074202564290064656F735F726F7574651A
:10E7800072004661696C656420746F2073656E6405
:10E79000206661756C7420726573706F6E7365208E
:10E7A00066726F6D2030782530325820746F2030BB
:10E7B00078253032583A202564005B4E6F6465201E
:10E7C0003078253032585D204661756C7420526176
:10E7D000697365643A2030782530345820285365B1
:10E7E000763A20256429005B4E6F646520307825D9
:10E7F0003032585D20416C6C206661756C747320FA
:10E80000636C6561726564005B4E6F64652030788F
:10E81000253032585D204745545F4641554C54538E
:10E8200020726571756573746564206275742074F7
:10E8300072616E7366657220616C726561647920C5
:10E840006163746976652E2049676E6F72696E67C1
:10E850002E005B4E6F6465203078253032585D2085
:10E86000434C4541525F4641554C545320726571AB
:10E870007565737465642066726F6D20307825301D
:10E8800032580064656F735F6661756C740068650B
:10E89000617020636F7272757074696F6E20286684
:10E8A000726565206C697374206C696E6B61676555
:10E8B0002900574553545F544F504449522F7A65AD
:10E8C000706879722F6C69622F686561702F686556
:10E8D00061702E630028616C69676E2026202861B4
:10E8E0006C69676E202D20312929203D3D203000A4
:10E8F00009616C69676E206D7573742062652061B3
:10E9000020706F776572206F6620320A006279741A
:10E910006573202F203855203C3D203078376666BF
:10E9200066550009686561702073697A65206973AE
:10E9300020746F6F206269670A00627974657320C2
:10E940003E20686561705F666F6F7465725F6279A3
:10E95000746573286279746573290009686561704C
:10E960002073697A6520697320746F6F20736D61FD
:10E970006C6C0A00686561705F737A203E20636882
:10E98000756E6B737A2873697A656F662873747213
:10E99000756374207A5F6865617029290063687502
:10E9A0006E6B305F73697A65202B206D696E5F63D3
:10E9B00068756E6B5F73697A65286829203C3D2015
:10E9C000686561705F737A006F735F68656170007E
:10E9D0002A2A2A20426F6F74696E67205A65706810
:10E9E0007972204F53206275696C642076342E341E
:10E9F0002E302D373635332D673534623537643256
:10EA00003565306565202A2A2A0A00574553545F28
:10EA1000544F504449522F7A65706879722F6C694F
:10EA2000622F6F732F63627072696E74665F7061BC
:10EA3000636B616765642E630009537472696E6766
:10EA4000207769746820746F6F206D616E79206122
:10EA50007267756D656E74730A00097374725F7006
:10EA600074725F706F735B5D20746F6F20736D6184
:10EA70006C6C0A0009746F6F206D616E7920666F8F
:10EA8000726D617420617267730A00286E756C6C18
:10EA90002900696E5F7061636B6167656420213D69
:10EAA000202828766F6964202A2930290028756E6D
:10EAB0007369676E6564292063686172202A207516
:10EAC00073656420666F72202525702061726775FA
:10EAD0006D656E742E2049742773207265636F6DA7
:10EAE0006D656E64656420746F2063617374206962
:10EAF0007420746F20766F6964202A2062656361D8
:10EB0000757365206974206D617920636175736523
:10EB1000206D69736265686176696F7220696E2025
:10EB20006365727461696E20636F6E666967757282
:10EB30006174696F6E732E20537472696E673A2226
:10EB400025732220617267756D656E743A256400C5
:10EB5000726F735F6E6272203C3D2073697A656FDD
:10EB600066286370795F7374725F706F73290072C7
:10EB70006F735F6E6272203C3D2073697A656F66C9
:10EB8000286B6565705F7374725F706F73290073B3
:10EB90006370795F636E74203C2073697A656F6679
:10EBA000286370795F7374725F706F7329006B658F
:10EBB00065705F636E74203C2073697A656F6628A8
:10EBC0006B6565705F7374725F706F732900636249
:10EBD0007072696E74665F7061636B616765005720
:10EBE0004553545F544F504449522F7A65706879A9
:10EBF000722F6C69622F6F732F6D7073635F706219
:10EC000075662E6300657272203D3D2030005745C9
:10EC100053545F544F504449522F7A65706879724B
:10EC20002F696E636C7564652F7A65706879722FD1
:10EC30007370696E6C6F636B2E68007A5F737069B6
:10EC40006E5F6C6F636B5F76616C6964286C290022
:10EC500009496E76616C6964207370696E6C6F63CC
:10EC60006B2025700A007A5F7370696E5F756E6C39
:10EC70006F636B5F76616C6964286C2900094E6F65
:10EC800074206D79207370696E6C6F636B202570D2
:10EC90000A007379735F6765746F7074005745532A
:10ECA000545F544F504449522F7A65706879722FDF
:10ECB0006C69622F7574696C732F72696E675F621D
:10ECC00075666665722E6300574553545F544F5006
:10ECD0004449522F7A65706879722F696E636C753A
:10ECE00064652F7A65706879722F647269766572CF
:10ECF000732F636C6F636B5F636F6E74726F6C2ED8
:10ED00006800287B2065787465726E207374727554
:10ED1000637420636C6F636B5F636F6E74726F6C90
:10ED20005F6472697665725F617069205F636C6FA2
:10ED3000636B5F636F6E74726F6C5F64726976652C
:10ED4000725F6170695F6C6973745F737461727410
:10ED50005B5D3B2065787465726E20636F6E7374C3
:10ED60002075696E74385F74205F636C6F636B5FCE
:10ED7000636F6E74726F6C5F6472697665725F61E7
:10ED800070695F6578745F656E645B5D3B20282801
:10ED9000636F6E73742075696E74385F74202A29EE
:10EDA0002828636F6E7374207374727563742063A4
:10EDB0006C6F636B5F636F6E74726F6C5F647269AC
:10EDC0007665725F617069202A296465762D3E61DF
:10EDD000706929203C205F636C6F636B5F636F6EAB
:10EDE00074726F6C5F6472697665725F6170695F7F
:10EDF0006578745F656E642026262028636F6E73C5
:10EE0000742075696E74385F74202A292828636F0E
:10EE10006E73742073747275637420636C6F636BAC
:10EE20005F636F6E74726F6C5F6472697665725F38
:10EE3000617069202A296465762D3E6170692920F8
:10EE40003E3D2028636F6E73742075696E74385F61
:10EE500074202A295F636C6F636B5F636F6E7472DB
:10EE60006F6C5F6472697665725F6170695F6C690F
:10EE700073745F7374617274293B207D2900636C25
:10EE80006F636B5F636F6E74726F6C006770696F36
:10EE9000403432303232303030006770696F403485
:10EEA00032303231633030006770696F4034323055
:10EEB0003231383030006770696F4034323032316F
:10EEC000343030006770696F403432303231303066
:10EED00030006770696F4034323032306330300058
:10EEE0006770696F403432303230383030006770CC
:10EEF000696F403432303230343030006770696FBF
:10EF00004034323032303030300073746D33325F21
:10EF10006770696F706F72745F6D677200556E62B3
:10EF2000616C616E636564206261636B75702064FF
:10EF30006F6D61696E2061636365737320726566CE
:10EF4000636F756E740073746D33325F6261636BEF
:10EF500075705F646F6D61696E00736F6300574514
:10EF600053545F544F504449522F7A6570687972F8
:10EF70002F696E636C7564652F7A65706879722F7E
:10EF80006C6F6767696E672F6C6F675F6261636B39
:10EF9000656E642E68006261636B656E6420213D5E
:10EFA000202828766F6964202A293029006C6F6731
:10EFB00067696E6700574553545F544F5044495238
:10EFC0002F7A65706879722F7375627379732F6CFD
:10EFD0006F6767696E672F6C6F675F636F72652E0F
:10EFE00063006C6F675F6261636B656E645F636F24
:10EFF000756E745F6765742829203C202828333299
:10F00000202F20335529202D202831202B20302956
:10F0100029006261636B656E64203C3D205F6C6F0C
:10F02000675F6261636B656E645F6C6973745F6573
:10F030006E640009756E6578706563746564206C34
:10F0400069737420656E64206C6F636174696F6EA0
:10F050000A006C6F675F6261636B656E645F636F0C
:10F06000756E745F6765742829203E20300057450F
:10F0700053545F544F504449522F7A6570687972E7
:10F080002F696E636C7564652F7A65706879722F6D
:10F090006B65726E656C2E6800216B5F69735F70C3
:10F0A00072655F6B65726E656C282900096B5F6322
:10F0B000757272656E745F6765742063616C6C65F0
:10F0C00064207072652D6B65726E656C0A006C6FE2
:10F0D00067006C6F675F6D676D74004D657373617A
:10F0E0006765202822257322292064726F7070655D
:10F0F0006420626563617573652069742065786357
:10F10000656564732073697A65206C696D697461E3
:10F1100074696F6E202825752900574553545F5434
:10F120004F504449522F7A65706879722F73756217
:10F130007379732F6C6F6767696E672F6C6F675F8A
:10F140006D73672E6300706C656E203E3D2030004D
:10F150004D6573736167652064726F7070656420BC
:10F1600062656361757365206974206578636565A0
:10F1700064732073697A65206C696D697461746960
:10F180006F6E2028257529000D0A00574553545FDE
:10F19000544F504449522F7A65706879722F7375B5
:10F1A000627379732F6C6F6767696E672F6C6F6717
:10F1B0005F6F75747075742E63006F75745F637420
:10F1C000782D3E636F6E74726F6C5F626C6F636BF1
:10F1D0002D3E6F6666736574203C3D206F75745FCD
:10F1E0006374782D3E73697A65001B5B306D002572
:10F1F000732E0025733A20006C6576656C203C3DCB
:10F20000203400257320005B2530386C755D2000AC
:10F210005B253032753A253032753A253032752EFD
:10F22000253033752C253033755D20002573003C67
:10F2300025733E200025732F00657272203E3D200D
:10F240003000253032782000202020007C0025630B
:10F25000001B5B313B33316D001B5B313B33336D46
:10F26000006572720077726E00696E660064626794
:10F2700000574553545F544F504449522F7A65709C
:10F280006879722F7375627379732F6C6F67676912
:10F290006E672F6261636B656E64732F6C6F675F5F
:10F2A0006261636B656E645F756172742E63006486
:10F2B00065766963655F69735F72656164792875F6
:10F2C0006172745F64657629006C6F675F62616369
:10F2D0006B656E645F75617274006C6F675F7561FA
:10F2E00072740072302F61313A2020307825303826
:10F2F00078202072312F61323A2020307825303842
:10F3000078202072322F61333A202030782530382F
:10F31000780072332F61343A2020307825303878E5
:10F32000207231322F69703A2020307825303878B9
:10F33000207231342F6C723A2020307825303878A2
:10F340000020787073723A202030782530387800A9
:10F350004661756C74696E6720696E73747275634B
:10F3600074696F6E206164647265737320287231F2
:10F37000352F7063293A2030782530387800556E63
:10F3800068616E646C6564204952516E3A20256450
:10F39000002A2A2A2A2A205553414745204641550A
:10F3A0004C54202A2A2A2A2A00202044697669738C
:10F3B000696F6E206279207A65726F002020556E29
:10F3C000616C69676E6564206D656D6F727920612F
:10F3D0006363657373002020537461636B206F76E1
:10F3E0006572666C6F772028636F6E746578742021
:10F3F00061726561206E6F742076616C69642900AA
:10F4000020204E6F20636F70726F636573736F722D
:10F4100020696E737472756374696F6E7300202057
:10F42000496C6C6567616C206C6F6164206F66204D
:10F430004558435F52455455524E20696E746F20B3
:10F440005043002020496C6C6567616C20757365C2
:10F45000206F66207468652045505352002020417B
:10F460007474656D707420746F206578656375744D
:10F470006520756E646566696E656420696E737477
:10F4800072756374696F6E002A2A2A2A2A204D50E9
:10F4900055204641554C54202A2A2A2A2A00202049
:10F4A000537461636B696E67206572726F72202896
:10F4B000636F6E746578742061726561206D696731
:10F4C0006874206265206E6F742076616C696429AF
:10F4D000002020556E737461636B696E67206572DE
:10F4E000726F720020204461746120416363657310
:10F4F000732056696F6C6174696F6E0020204D4DEA
:10F5000046415220416464726573733A2030782515
:10F5100078002020496E737472756374696F6E2071
:10F520004163636573732056696F6C6174696F6EB4
:10F53000002020466C6F6174696E672D706F696E74
:10F5400074206C617A7920737461746520707265BF
:10F55000736572766174696F6E206572726F720086
:10F56000574553545F544F504449522F7A65706841
:10F5700079722F617263682F61726D2F636F72658C
:10F580002F636F727465785F6D2F6661756C742E72
:10F590006300212828285343425F54797065202A4C
:10F5A0002920282830784530303045303030554CCF
:10F5B00029202B20307830443030554C2920292DFB
:10F5C0003E434653522026202831554C203C3C20B7
:10F5D000283055202B2034552929290009537461DE
:10F5E000636B696E67206F722044617461204163B0
:10F5F000636573732056696F6C6174696F6E206503
:10F6000072726F7220776974686F75742073746199
:10F61000636B2067756172642C20757365722D6D44
:10F620006F6465206F72206E756C6C2D706F696EE3
:10F6300074657220646574656374696F6E0A0A008C
:10F640002A2A2A2A2A20425553204641554C542022
:10F650002A2A2A2A2A002020537461636B696E6764
:10F66000206572726F720020205072656369736545
:10F67000206461746120627573206572726F72001C
:10F6800020204246415220416464726573733A20DF
:10F6900030782578002020496D7072656369736544
:10F6A000206461746120627573206572726F7200EC
:10F6B0002020496E737472756374696F6E20627571
:10F6C00073206572726F720052657365727665643D
:10F6D00020457863657074696F6E202800537075DB
:10F6E00072696F757320696E7465727275707420BB
:10F6F000284952512000535053454C20696E2074C4
:10F700006872656164206D6F646520646F65732045
:10F710006E6F7420696E6469636174652050535024
:10F720000065736620213D202828766F6964202AB1
:10F73000293029000945534620636F756C64206E9B
:10F740006F742062652072657472696576656420E5
:10F750007375636365737366756C6C792E2053687B
:10F76000616C6C206E65766572206F636375722EB6
:10F770000A002A2A2A2A2A20484152442046415572
:10F780004C54202A2A2A2A2A0020204275732066F7
:10F7900061756C74206F6E20766563746F7220746F
:10F7A00061626C6520726561640020204465627549
:10F7B00067206576656E740020204661756C742044
:10F7C000657363616C6174696F6E20287365652071
:10F7D00062656C6F772900415243485F4558434545
:10F7E0005054207769746820726561736F6E2025AC
:10F7F000780A00094661756C7420657363616C61F9
:10F8000074696F6E20776974686F757420465352FF
:10F8100020696E666F0A0009486172644661756C02
:10F820007420776974686F75742048465352206954
:10F830006E666F205368616C6C206E657665722011
:10F840006F636375720A002A2A2A2A2A2044656295
:10F850007567206D6F6E69746F722065786365706F
:10F8600074696F6E202A2A2A2A2A002A2A2A2A2A1A
:10F8700020257320256429202A2A2A2A2A00574570
:10F8800053545F544F504449522F7A6570687972CF
:10F890002F617263682F61726D2F636F72652F63C2
:10F8A0006F727465785F6D2F6972715F6D616E61E3
:10F8B00067652E63007072696F203C3D20282831F7
:10F8C000554C203C3C2028342929202D203129006A
:10F8D00009696E76616C6964207072696F7269740F
:10F8E0007920256420666F72202564206972712159
:10F8F0002076616C756573206D7573742062652068
:10F900006C657373207468616E20256C750A0A003B
:10F910006D7075004661696C656420746F20616C60
:10F920006C6F63617465206E6577204D5055207251
:10F930006567696F6E2025750A005061727469747D
:10F94000696F6E2025753A20636F686572656E6316
:10F950006520636865636B206661696C65642E0071
:10F96000496E76616C696420756E6465726C796944
:10F970006E6720726567696F6E20696E64657820B6
:10F98000257500574553545F544F504449522F7AC0
:10F9900065706879722F617263682F61726D2F6371
:10F9A0006F72652F6D70752F61726D5F6D70752E42
:10F9B000630009436F6E6669677572696E6720251B
:10F9C0007520737461746963204D505520726567AA
:10F9D000696F6E73206661696C65640A0A00094D7F
:10F9E00061726B696E672025752061726561732095
:10F9F000666F722064796E616D69632072656769F4
:10FA00006F6E73206661696C65640A0A000952654D
:10FA1000717565737420746F20636F6E66696775A6
:10FA200072653A20257520726567696F6E732028AC
:10FA3000737570706F727465643A202575290A0AAF
:10FA4000002128726567696F6E5B6964785D2E645A
:10FA5000745F617474722026202831554C203C3C20
:10FA6000202830292929000952414D5F4E4F43413A
:10FA700043484520776974682044545F4D454D5F85
:10FA8000434143484541424C452061747472696268
:10FA90007574650A0A00094661696C656420746FB3
:10FAA00020616C6C6F63617465204D5055207265E8
:10FAB00067696F6E732066726F6D2044540A0A0086
:10FAC000464C4153485F30005352414D5F3000492E
:10FAD0006E76616C6964206C696E65206E756D620E
:10FAE000657220257500574553545F544F50444963
:10FAF000522F7A65706879722F64726976657273B5
:10FB00002F696E746572727570745F636F6E747254
:10FB10006F6C6C65722F696E74635F657874695F72
:10FB200073746D33322E6300696E74657272757012
:10FB3000742D636F6E74726F6C6C65724034343008
:10FB4000323230303000657874695F73746D3332EF
:10FB500000574553545F544F504449522F7A6570B3
:10FB60006879722F647269766572732F696E746535
:10FB700072727570745F636F6E74726F6C6C6572A5
:10FB80002F696E74635F6770696F5F73746D333272
:10FB90002E63002828286C696E652920213D2030BD
:10FBA0005529202626202828286C696E65292026BC
:10FBB0002028286C696E6529202D2031552929209F
:10FBC0003D3D20305529290009496E76616C6964F4
:10FBD0002F636F72727570746564204C4C5F45586A
:10FBE00054495F4C494E455F6E2076616C75650ADD
:10FBF0000028286C696E6529203C2031203F202D8B
:10FC000031203A202873697A656F66285F5F7479BE
:10FC100070656F665F5F286C696E652929203E20DC
:10FC200034203F20283634202D205F5F6275696CB8
:10FC300074696E5F636C7A6C6C286C696E652920E0
:10FC40002D203129203A20283332202D205F5F6279
:10FC500075696C74696E5F636C7A286C696E65296E
:10FC6000202D2031292929203C203136006972714C
:10FC70006E756D20213D20307846460063616368D3
:10FC8000655F73746D333200574553545F544F5062
:10FC90004449522F7A65706879722F64726976656B
:10FCA00072732F63616E2F63616E5F636F6D6D6F33
:10FCB0006E2E63006D736771004D73677120257040
:10FCC000206F766572666C6F7765642E2046726170
:10FCD0006D652049443A2030782578006578746550
:10FCE0006E646564007374616E6461726400696E51
:10FCF00076616C6964206672616D652077697468ED
:10FD0000202573202825642D626974292043414EE3
:10FD100020494420307825302A7800696E76616C5D
:10FD200069642066696C746572207769746820253F
:10FD300073202825642D626974292043414E20498F
:10FD40004420307825302A782C2043414E204944E5
:10FD5000206D61736B20307825302A780063616EE6
:10FD60005F636F6D6D6F6E00574553545F544F5016
:10FD70004449522F7A65706879722F696E636C7589
:10FD800064652F7A65706879722F6472697665721E
:10FD9000732F63616E2F7472616E7363656976652C
:10FDA000722E6800287B2065787465726E207374EB
:10FDB000727563742063616E5F7472616E736365E4
:10FDC000697665725F6472697665725F61706920D9
:10FDD0005F63616E5F7472616E736365697665728D
:10FDE0005F6472697665725F6170695F6C69737474
:10FDF0005F73746172745B5D3B2065787465726ECD
:10FE000020636F6E73742075696E74385F74205F41
:10FE100063616E5F7472616E736365697665725F4C
:10FE20006472697665725F6170695F6578745F6539
:10FE30006E645B5D3B202828636F6E737420756968
:10FE40006E74385F74202A292828636F6E737420BB
:10FE50007374727563742063616E5F7472616E7324
:10FE60006365697665725F6472697665725F6170F9
:10FE700069202A296465762D3E61706929203C201D
:10FE80005F63616E5F7472616E73636569766572DC
:10FE90005F6472697665725F6170695F6578745FCF
:10FEA000656E642026262028636F6E737420756942
:10FEB0006E74385F74202A292828636F6E7374204B
:10FEC0007374727563742063616E5F7472616E73B4
:10FED0006365697665725F6472697665725F617089
:10FEE00069202A296465762D3E61706929203E3D8E
:10FEF0002028636F6E73742075696E74385F742088
:10FF00002A295F63616E5F7472616E7363656976DF
:10FF100065725F6472697665725F6170695F6C6952
:10FF200073745F7374617274293B207D290063616F
:10FF30006E5F7472616E7363656976657200666187
:10FF4000696C656420746F207265616420726567F6
:10FF50002030782530337820286572722025642976
:10FF6000006661696C656420746F207772697465DE
:10FF700020726567203078253033782028657272CA
:10FF800020256429006661696C656420746F2072A5
:10FF9000656164205278204649464F206865616457
:10FFA0006572202865727220256429006661696C7B
:10FFB000656420746F207265616420527820464920
:10FFC000464F20646174612028657272202564297F
:10FFD00000574553545F544F504449522F7A65702F
:10FFE0006879722F647269766572732F63616E2F00
:10FFF00063616E5F6D63616E2E630066696C745F32
:020000040801F1
:10000000696478203C206362732D3E6E756D5F6578
:1000100078740066696C745F696478203C20636260
:10002000732D3E6E756D5F737464004672616D650D
:1000300020697320746F6F20626967006661696C64
:10004000656420746F20656E61626C652043414E6B
:10005000207472616E7363656976657220286572BB
:100060007220256429006661696C656420746F20C4
:100070006C6561766520696E6974206D6F646520BA
:10008000286572722025642900756E737570706F13
:1000900072746564206D6F64653A2030782530385D
:1000A00078004D657373616765206C6F7374206FA2
:1000B0006E204649464F30004D6573736167652079
:1000C0006C6F7374206F6E204649464F3100666135
:1000D000696C656420746F20726561642074782097
:1000E0006576656E74206669666F20286572722079
:1000F0002564290074785F696478203C206362730A
:100100002D3E6E756D5F7478005458204649464FF9
:1001100020656C656D656E74206C6F73740041634F
:100120006365737320746F2072657365727665649E
:100130002061646472657373004D657373616765F4
:100140002052414D20616363657373206661696C61
:1001500075726500756E737570706F72746564206A
:1001600043414E206672616D6520666C6167732045
:100170003078253032780043414E20464420666F67
:10018000726D6174206E6F7420737570706F72740D
:10019000656420696E206E6F6E2D4644206D6F641D
:1001A000650064617461206C656E67746820282541
:1001B0007A7529203E206D6178206672616D652018
:1001C00064617461206C656E6774682028257A7597
:1001D0002900444C43206F6620256420666F7220FE
:1001E00043414E20464420666F726D6174206672F2
:1001F000616D6500444C43206F6620256420666F66
:1002000072206E6F6E2D464420666F726D61742091
:100210006672616D65007075745F696478203C205A
:100220006362732D3E6E756D5F7478006661696CF4
:10023000656420746F207772697465205478204259
:1002400075666665722068656164657220286572EE
:100250007220256429006661696C656420746F20D2
:1002600077726974652054782042756666657220DD
:1002700064617461202865727220256429006661BA
:10028000696C656420746F2077726974652073747B
:10029000642066696C74657220656C656D656E744A
:1002A000202865727220256429004E6F20667265D1
:1002B00065207374616E646172642069642066698C
:1002C0006C746572206C65667400756E7375707001
:1002D0006F727465642043414E2066696C74657268
:1002E00020666C61677320307825303278004E6F5D
:1002F000206672656520657874656E646564206942
:10030000642066696C746572206C65667400666949
:100310006C746572204944202564206F7574206FC9
:100320006620626F756E6473006661696C65642037
:10033000746F20636C656172206578742066696CE7
:1003400074657220656C656D656E742028657272C7
:1003500020256429006661696C656420746F2063E0
:100360006C656172207374642066696C74657220B8
:10037000656C656D656E7420286572722025642930
:10038000004661696C656420746F20656E746572E7
:1003900020696E6974206D6F6465006661696C65C3
:1003A0006420746F2064697361626C652043414E00
:1003B000207472616E736365697665722028657258
:1003C0007220256429004661696C656420746F2081
:1003D0006578697420736C656570206D6F64650065
:1003E000636F6E6669672D3E6F70732D3E72656137
:1003F000645F72656720213D202828766F6964203C
:100400002A29302900636F6E6669672D3E6F70730D
:100410002D3E77726974655F72656720213D2028E3
:1004200028766F6964202A29302900636F6E666917
:10043000672D3E6F70732D3E726561645F6D7261F2
:100440006D20213D202828766F6964202A293029D3
:1004500000636F6E6669672D3E6F70732D3E777215
:100460006974655F6D72616D20213D202828766F6B
:100470006964202A29302900636F6E6669672D3E02
:100480006F70732D3E636C6561725F6D72616D207C
:10049000213D202828766F6964202A2930290063AD
:1004A0006F6E6669672D3E63616C6C6261636B732E
:1004B00020213D202828766F6964202A29302900D0
:1004C0006362732D3E6E756D5F7478203C3D2063D2
:1004D0006F6E6669672D3E6D72616D5F656C656DEF
:1004E000656E74735B375D006362732D3E6E756D70
:1004F0005F737464203C3D20636F6E6669672D3EB8
:100500006D72616D5F656C656D656E74735B315D99
:10051000006362732D3E6E756D5F657874203C3D9F
:1005200020636F6E6669672D3E6D72616D5F656CED
:10053000656D656E74735B325D002573206465764E
:10054000696365206E6F7420726561647900436130
:100550006E27742066696E642074696D696E672009
:10056000666F7220676976656E20706172616D00DA
:1005700043616E27742066696E642074696D696ECC
:100580006720666F7220676976656E2064617461AA
:10059000706861736520706172616D006661696C7D
:1005A000656420746F207365742074696D696E676B
:1005B000202865727220256429006661696C656473
:1005C00020746F20736574206461746120706861A9
:1005D00073652074696D696E6720286572722025C5
:1005E00064290063616E5F6D63616E00574553540B
:1005F0005F544F504449522F7A65706879722F6466
:100600007269766572732F63616E2F63616E5F6DC1
:1006100063616E2E68006261736520252034552069
:100620003D3D203055000962617365206D7573741E
:100630002062652061206D756C7469706C65206F37
:100640006620340A006F6666736574202520345571
:10065000203D3D20305500096F6666736574206D3E
:100660007573742062652061206D756C7469706C9F
:1006700065206F6620340A006C656E202520345595
:10068000203D3D20305500096C656E206D757374FA
:100690002062652061206D756C7469706C65206FD7
:1006A0006620340A00282875696E747074725F744D
:1006B000292873726329292025203455203D3D20A7
:1006C00030550009737263206D7573742062652064
:1006D00033322D62697420616C69676E65640A004B
:1006E000282875696E747074725F74292864737435
:1006F00029292025203455203D3D2030550009640E
:100700007374206D7573742062652033322D6269B5
:100710007420616C69676E65640A00574553545FC5
:10072000544F504449522F7A65706879722F647221
:1007300069766572732F63616E2F63616E5F737488
:100740006D33325F666463616E2E630043414E20F9
:1007500070696E6374726C20736574757020666165
:10076000696C6564202825642900436F756C6420DA
:100770006E6F742073656C6563742063616E5F7364
:10078000746D3332666420646F6D61696E20636CD2
:100790006F636B00436F756C64206E6F74207475AB
:1007A000726E206F6E2043414E20636C6F636B202E
:1007B00028256429004661696C65642063616C6C5E
:1007C00020636C6F636B5F636F6E74726F6C5F67D7
:1007D00065745F726174652870636C6B5B315D2951
:1007E000004661696C65642063616C6C20636C6FAA
:1007F000636B5F636F6E74726F6C5F6765745F725B
:100800006174652870636C6B5B305D290063616E99
:100810004034303030613430300063616E5F737467
:100820006D33326664007263634034343032306357
:10083000303000574553545F544F504449522F7A3B
:1008400065706879722F696E636C7564652F7A655F
:10085000706879722F647269766572732F67706938
:100860006F2F6770696F5F7574696C732E680063B2
:10087000616C6C6261636B00094E6F2063616C6C2C
:100880006261636B210A0063616C6C6261636B2D52
:100890003E68616E646C657200094E6F2063616C26
:1008A0006C6261636B2068616E646C6572210A0022
:1008B00063622D3E68616E646C657200726573657B
:1008C000742D636F6E74726F6C6C65720046616933
:1008D0006C65642063616C6C20636C6F636B5F6339
:1008E0006F6E74726F6C5F6765745F726174652898
:1008F00070636C6B656E5B305D2900574553545FC8
:10090000544F504449522F7A65706879722F64723F
:1009100069766572732F73657269616C2F75617288
:10092000745F73746D33322E630073746D33325F92
:100930007265675F72656164282675736172742DD4
:100940003E42525229203E3D20307833303055000F
:10095000094261756452617465526567203E3D20AD
:1009600030783330300A0073746D33325F726567EC
:100970005F72656164282675736172742D3E425200
:100980005229203C20307830303046464646465585
:1009900000094261756452617465526567203C20AC
:1009A0003078464646460A00556E61626C65207492
:1009B0006F2073657420257320746F202564007385
:1009C000746D33325F7265675F7265616428267586
:1009D000736172742D3E42525229203E3D203136C1
:1009E00000094261756452617465526567203E3D3D
:1009F0002031360A00436F756C64206E6F74206579
:100A00006E61626C6520284C502955415254206318
:100A10006C6F636B00726573657420636F6E7472C4
:100A20006F6C6C6572206E6F742072656164790002
:100A3000574553545F544F504449522F7A6570685C
:100A400079722F696E636C7564652F7A6570687949
:100A5000722F647269766572732F72657365742E76
:100A60006800287B2065787465726E2073747275D7
:100A700063742072657365745F6472697665725F12
:100A8000617069205F72657365745F647269766511
:100A9000725F6170695F6C6973745F7374617274A3
:100AA0005B5D3B2065787465726E20636F6E737456
:100AB0002075696E74385F74205F72657365745F4A
:100AC0006472697665725F6170695F6578745F658D
:100AD0006E645B5D3B202828636F6E7374207569BC
:100AE0006E74385F74202A292828636F6E7374200F
:100AF0007374727563742072657365745F64726970
:100B00007665725F617069202A296465762D3E6181
:100B1000706929203C205F72657365745F64726937
:100B20007665725F6170695F6578745F656E642079
:100B300026262028636F6E73742075696E74385F83
:100B400074202A292828636F6E7374207374727559
:100B500063742072657365745F6472697665725F31
:100B6000617069202A296465762D3E6170692920AB
:100B70003E3D2028636F6E73742075696E74385F14
:100B800074202A295F72657365745F647269766583
:100B9000725F6170695F6C6973745F7374617274A2
:100BA000293B207D290072657365740025732064DC
:100BB0006F6573206E6F7420737570706F72742020
:100BC00064726976657220656E61626C650073653A
:100BD0007269616C403434303032343030007365C7
:100BE0007269616C403430303034383030007561B7
:100BF00072745F73746D333200574553545F544FB2
:100C0000504449522F7A65706879722F6472697600
:100C10006572732F74696D65722F636F7274657876
:100C20005F6D5F7379737469636B2E63007379739F
:100C30005F636C6F636B5F69735F6C6F636B65643D
:100C40002829000973797374656D20636C6F636B79
:100C5000206C6F636B206E6F742068656C640A0093
:100C6000574553545F544F504449522F7A6570682A
:100C700079722F6B65726E656C2F6465766963653A
:100C80002E63007263203E3D202D28307866662951
:100C9000202626207263203C203000096465766996
:100CA000636520257320696E69743A20696E7661E8
:100CB0006C6964206572726F7220282564290A00AD
:100CC00048616C74696E672073797374656D0A008E
:100CD000556E6B6E6F776E206572726F7200756EF7
:100CE0006B6E6F776E003E3E3E205A45504859521B
:100CF00020464154414C204552524F522025643ADF
:100D0000202573206F6E20435055202564004661D6
:100D1000756C7420647572696E6720696E74657293
:100D2000727570742068616E646C696E670A004346
:100D3000757272656E74207468726561643A2025FC
:100D400070202825732900574553545F544F504451
:100D500049522F7A65706879722F6B65726E656C77
:100D60002F666174616C2E6300726561736F6E2013
:100D7000213D204B5F4552525F4B45524E454C5FE3
:100D800050414E49430009417474656D7074656447
:100D900020746F207265636F7665722066726F6D66
:100DA0002061206B65726E656C2070616E696320D6
:100DB000636F6E646974696F6E0A004350552065F5
:100DC0007863657074696F6E00556E68616E646CEF
:100DD000656420696E746572727570740053746115
:100DE000636B206F766572666C6F77004B65726E11
:100DF000656C206F6F7073004B65726E656C207050
:100E0000616E696300574553545F544F50444952D3
:100E10002F7A65706879722F6B65726E656C2F69B9
:100E20006E69742E6300656E747279203C3D205F9C
:100E30006B5F6B65726E656C5F696E69745F706F16
:100E400073745F656E7472795F6C6973745F656EDD
:100E500064007468726561645F64617461203C3D24
:100E6000205F5F7374617469635F74687265616445
:100E70005F646174615F6C6973745F656E64006464
:100E80006576203C3D205F6465766963655F6C69CB
:100E900073745F656E6400656E747279203C3D20EA
:100EA0005F6B5F6B65726E656C5F696E69745F70B6
:100EB00072655F656E7472795F6C6973745F656E7D
:100EC0006400574553545F544F504449522F7A653C
:100ED000706879722F6B65726E656C2F69646C65D2
:100EE0002E63005F6B65726E656C2E637075735B4D
:100EF000305D2E63757272656E742D3E626173652E
:100F00002E7072696F203E3D203000574553545F6C
:100F1000544F504449522F7A65706879722F6B652F
:100F2000726E656C2F696E636C7564652F6B73638D
:100F30006865642E68007468726561642D3E626144
:100F400073652E70656E6465645F6F6E0057455300
:100F5000545F544F504449522F7A65706879722F0C
:100F60006B65726E656C2F6D73675F712E63002108
:100F7000617263685F69735F696E5F697372282964
:100F8000207C7C20282874696D656F7574292E7407
:100F900069636B73203D3D202828286B5F74696D61
:100FA000656F75745F74297B307D29292E746963A0
:100FB0006B732900090A00286D7367712D3E7772E3
:100FC0006974655F707472203E3D206D7367712D8A
:100FD0003E6275666665725F73746172742920265D
:100FE0002620286D7367712D3E77726974655F7076
:100FF0007472203C3D20286D7367712D3E627566CA
:101000006665725F656E64202D20312929202626B1
:1010100020282873697A655F74292875696E747051
:1010200074725F7429286D7367712D3E62756666F0
:1010300065725F656E64202D206D7367712D3E773C
:10104000726974655F70747229203E3D206D73670C
:10105000712D3E6D73675F73697A6529005745533B
:10106000545F544F504449522F7A65706879722FFB
:101070006B65726E656C2F6D757465782E630021DB
:10108000617263685F69735F696E5F697372282953
:1010900000096D7574657865732063616E6E6F7499
:1010A000206265207573656420696E7369646520CC
:1010B000495352730A006D757465782D3E6C6F63E9
:1010C0006B5F636F756E74203E203055005745533B
:1010D000545F544F504449522F7A65706879722F8B
:1010E0006B65726E656C2F73656D2E6300282861C9
:1010F0007263685F69735F696E5F69737228292024
:101100003D3D203029207C7C20282874696D656F46
:101110007574292E7469636B73203D3D202828283F
:101120006B5F74696D656F75745F74297B307D29A1
:10113000292E7469636B73292900574553545F54F2
:101140004F504449522F7A65706879722F6B6572DF
:101150006E656C2F776F726B2E630068616E646CC6
:10116000657220213D202828766F6964202A293065
:101170002900776F726B2D3E717565756520213D75
:10118000202828766F6964202A2930290021666C7E
:1011900061675F74657374282671756575652D3E8A
:1011A000666C6167732C204B5F574F524B5F5155F4
:1011B0004555455F535441525445445F4249542973
:1011C00000717565756500737461636B0064776F9A
:1011D000726B20213D202828766F6964202A2930EF
:1011E0002900574553545F544F504449522F7A6554
:1011F000706879722F6B65726E656C2F746872659A
:1012000061642E6300282828287072696F292920BC
:101210003D3D203135202626207A5F69735F696461
:101220006C655F7468726561645F656E747279285D
:1012300028656E747279292929207C7C2028282829
:101240003135202D203129203E3D2028282D3136D2
:101250002929292026262028287072696F2929200B
:101260003E3D2028282D31362929202626202828D1
:101270007072696F2929203C3D20283135202D20AE
:10128000312929290009696E76616C6964207072C0
:10129000696F7269747920282564293B20616C6C20
:1012A0006F7765642072616E67653A2025642074EB
:1012B0006F2025640A000954687265616473206DAB
:1012C0006179206E6F742062652063726561746558
:1012D0006420696E20495352730A00216573736557
:1012E0006E7469616C000961626F72746564206577
:1012F0007373656E7469616C2074687265616420D3
:1013000025700A00574553545F544F504449522F9B
:101310007A65706879722F6B65726E656C2F696E75
:10132000636C7564652F72756E5F712E6800217A2B
:101330005F69735F69646C655F7468726561645F3F
:101340006F626A656374287468726561642900213C
:1013500069735F7468726561645F64756D6D792827
:101360007468726561642900574553545F544F5047
:101370004449522F7A65706879722F6B65726E6579
:101380006C2F696E636C7564652F6B746872656130
:10139000642E68005F6B65726E656C2E637075738A
:1013A0005B305D2E63757272656E7420213D20285E
:1013B00028766F6964202A29302900574553545FE5
:1013C000544F504449522F7A65706879722F6B657B
:1013D000726E656C2F73636865642E63002174659B
:1013E000726D696E617465000961626F7274656423
:1013F000205F63757272656E74206261636B206634
:10140000726F6D20646561640A0073697A656F6646
:10141000285F73636865645F7370696E6C6F636B7C
:1014200029203D3D2030207C7C206C6F636B202187
:101430003D20265F73636865645F7370696E6C6FCF
:10144000636B00574553545F544F504449522F7AB1
:1014500065706879722F6B65726E656C2F736C6541
:1014600065702E6300574553545F544F50444952A2
:101470002F7A65706879722F6B65726E656C2F7349
:1014800063686564756C65722E63005F6B65726E70
:10149000656C2E637075735B305D2E63757272655B
:1014A0006E742D3E626173652E73636865645F6C54
:1014B0006F636B656420213D203155005F6B657261
:1014C0006E656C2E637075735B305D2E6375727222
:1014D000656E742D3E626173652E73636865645F2B
:1014E0006C6F636B656420213D2030550057455378
:1014F000545F544F504449522F7A65706879722F67
:101500006B65726E656C2F74696D65736C69636968
:101510006E672E6300282874696D656F75742920C5
:10152000262620282875696E747074725F742928C5
:10153000736C6963655F74696D656F757473292970
:10154000203C3D20282875696E747074725F742980
:101550002874696D656F757429292026262028282E
:1015600075696E747074725F74292874696D656F23
:1015700075742929203C20282875696E747074724E
:101580005F7429282628736C6963655F74696D65CB
:101590006F757473295B282873697A655F742928CD
:1015A0002828696E742973697A656F662863686193
:1015B000725B31202D202832202A202128215F5FD4
:1015C0006275696C74696E5F74797065735F636F5F
:1015D0006D70617469626C655F70285F5F747970AB
:1015E000656F665F5F28736C6963655F74696D65BD
:1015F0006F757473292C205F5F747970656F665FF7
:101600005F282628736C6963655F74696D656F7503
:101610007473295B305D292929295D29202D20310A
:1016200029202B202873697A656F6628736C69639B
:10163000655F74696D656F75747329202F207369F8
:101640007A656F662828736C6963655F74696D6578
:101650006F757473295B305D292929295D2929203B
:1016600026262028282875696E747074725F742984
:101670002874696D656F75742929202D20282875B7
:10168000696E747074725F742928736C6963655F26
:1016900074696D656F757473292929202520736914
:1016A0007A656F662828736C6963655F74696D6518
:1016B0006F757473295B305D29203D3D2030290012
:1016C000574553545F544F504449522F7A657068C0
:1016D00079722F6B65726E656C2F7370696E6C6FAB
:1016E000636B5F76616C69646174652E63007A5F19
:1016F00068656C645F7370696E6C6F636B5F636F5A
:10170000756E745B6370755F69645D203E3D20306B
:1017100000097370696E6C6F636B20756E6C6F631C
:101720006B2077697468206E6F206D6174636869DF
:101730006E67206C6F636B0A006578747261203E7F
:101740003D20300009737761705F6C6F636B2025FB
:1017500070206973206E6F7420747261636B6564AE
:1017600020696E20746865207370696E6C6F636B9E
:1017700020686F6C6420636F756E74210A00686561
:101780006C64203D3D202828766F6964202A29302A
:1017900029207C7C2068656C64203D3D2073776146
:1017A000705F6C6F636B0009436F6E7465787420B3
:1017B000737769746368696E67207768696C652000
:1017C000686F6C64696E67207370696E6C6F636BB1
:1017D000202570210A006578747261203D3D20301B
:1017E0000009436F6E746578742073776974636859
:1017F000696E67207768696C6520686F6C64696ED4
:1018000067202564206578747261207370696E6C3E
:101810006F636B287329210A00617263685F6972C4
:10182000715F756E6C6F636B6564286B65792920D9
:101830007C7C205F6B65726E656C2E637075735B6C
:10184000305D2E63757272656E742D3E62617365D4
:101850002E7468726561645F7374617465202620FC
:1018600028282831554C203C3C2028302929292083
:101870007C20282831554C203C3C2028332929291C
:10188000290009436F6E74657874207377697463F7
:1018900068696E672077697468206972715F6C6F20
:1018A000636B2068656C64210A00574553545F548C
:1018B0004F504449522F7A65706879722F6B657268
:1018C0006E656C2F74696D656F75742E630021737E
:1018D00079735F646E6F64655F69735F6C696E6B6B
:1018E00065642826746F2D3E6E6F64652900574528
:1018F00053545F544F504449522F7A65706879723F
:101900002F6B65726E656C2F6B686561702E63005E
:1019100068656170203C3D205F6B5F686561705F4A
:101920006C6973745F656E6400737973776F726B43
:1019300071002A666C6F61742A00000102030405BD
:101940000607080C101418203040206D6573736171
:101950006765732064726F70706564202D2D2D0D86
:101960000A1B5B306D001B5B313B33316D2D2D2D20
:10197000200000000000010F010E010D010C010B01
:10198000010A01090108010701060105010401031B
:10199000010201010100010001020304050607081C
:0819A0000C1014182030400067
:1019A800A056002000000000000000000000000019
:1019B80000040000E3B9000827BE0008F4D90008B5
:1019C800000000000000000069C1000800000000DD
:1019D80000000000000000000000000000000000FF
:1019E8000000000044000020440000200000000027
:1019F800000000000E0000000000000000000000D1
:101A080000000000000000006800002068000020BE
:101A180000000000000000000E00000000000000B0
:101A28008C000020000000000000000000C201003F
:101A380000010300A00000200000000000000000DA
:101A480000C20100000103000090D003C80000009C
:101A5800FFFFFFFFB4000020B4000020FF00FF00DC
:101A6800FF00FF00FF00FF00FF00FF00FF00FF0076
:0C1A7800FF00FF00FF00FF00FF00FF0068
:101A84000000000000000000000000000000000052
:101A94000000000000000000000000000000000042
:101AA4000000000000000000000000000000000032
:101AB4000000000000000000000000000000000022
:101AC4000000000000000000000000000000000012
:0C1AD40000000000000000000000000006
:041AE0000000000002
:101AE4003C0100203C0100200000000045000000F3
:101AF40010000000D04D002020520020D04D0020C6
:101B0400D04D00200000000000000000680100200B
:101B140068010020000000004800000010000000E0
:101B240020520020A05600202052002020520020E5
:101B34000000000000000000940100209401002037
:101B44000000000045000000100000008049002053
:101B5400D04D002080490020804900200000000072
:041B6400000000007D
:101B6800C0010020C00100200000000001000000AA
:041B780015E015E07F
:04000005080041CDE1
:00000001FF
